State_Name,Assembly_No,Constituency_No,Year,month,DelimID,Poll_No,Position,Candidate,Sex,Party,Votes,Age,Candidate_Type,Valid_Votes,Electors,Constituency_Name,Constituency_Type,District_Name,Sub_Region,N_Cand,Turnout_Percentage,Vote_Share_Percentage,Deposit_Lost,Margin,Margin_Percentage,ENOP,pid,Party_Type_TCPD,Party_ID,last_poll,Contested,Last_Party,Last_Party_ID,Last_Constituency_Name,Same_Constituency,Same_Party,No_Terms,Turncoat,Incumbent,Recontest,MyNeta_education,TCPD_Prof_Main,TCPD_Prof_Main_Desc,TCPD_Prof_Second,TCPD_Prof_Second_Desc,Election_Type
Tamil_Nadu,11,2,2016,5,4,0,2,PARIMALAM K DOCTOR,F,DMK,76643,54,SC,197648,250403,PONNERI,SC,TIRUVALLUR,CHENNAI CITY REGION,14,78.93,38.78,no,67057,33.93,2.56,AETN186803,State-based Party,10192,TRUE,1,,,,,,0,FALSE,FALSE,FALSE,Graduate Professional,Liberal Profession or Professional,Doctor,Former Government,Ex Civil Service,State Assembly Election (AE)
Tamil_Nadu,11,2,2016,5,4,0,3,PANDIAN A,M,PMK,9586,50,SC,197648,250403,PONNERI,SC,TIRUVALLUR,CHENNAI CITY REGION,14,78.93,4.85,yes,4020,2.03,2.56,AETN186804,State-based Party,11891,TRUE,1,,,,,,0,FALSE,FALSE,FALSE,12th Pass,Agriculture,,,,State Assembly Election (AE)
Tamil_Nadu,11,2,2016,5,4,0,4,SENTHIL KUMAR V,M,VCK,5566,40,SC,197648,250403,PONNERI,SC,TIRUVALLUR,CHENNAI CITY REGION,14,78.93,2.82,yes,3282,1.66,2.56,AETN186805,Local Party,8488,TRUE,1,,,,,,0,FALSE,FALSE,FALSE,10th Pass,Politics,Party Worker,,,State Assembly Election (AE)
Tamil_Nadu,11,2,2016,5,4,0,5,None of the Above,,NOTA,2284,,,197648,250403,PONNERI,SC,TIRUVALLUR,CHENNAI CITY REGION,14,78.93,1.16,,217,0.11,2.56,,NOTA,5897,TRUE,,,,,,,,,,,,,,,,State Assembly Election (AE)
Tamil_Nadu,11,2,2016,5,4,0,6,GANESAN K,M,BJP,2067,50,SC,197648,250403,PONNERI,SC,TIRUVALLUR,CHENNAI CITY REGION,14,78.93,1.05,yes,447,0.23,2.56,AETN186806,National Party,1605,TRUE,2,BJP,1605,PONNERI,TRUE,TRUE,0,FALSE,FALSE,TRUE,10th Pass,Business,Contractor,,,State Assembly Election (AE)
Tamil_Nadu,11,2,2016,5,4,0,7,VINOTH BABU S,M,NTK,1620,33,SC,197648,250403,PONNERI,SC,TIRUVALLUR,CHENNAI CITY REGION,14,78.93,0.82,yes,468,0.24,2.56,AETN186807,,5533,TRUE,1,,,,,,0,FALSE,FALSE,FALSE,8th Pass,Agriculture,,,,State Assembly Election (AE)
Tamil_Nadu,11,2,2016,5,4,0,8,RAJA S,M,BSP,1152,35,SC,197648,250403,PONNERI,SC,TIRUVALLUR,CHENNAI CITY REGION,14,78.93,0.58,yes,456,0.23,2.56,AETN186808,State-based Party (Other State),16651,TRUE,1,,,,,,0,FALSE,FALSE,FALSE,Doctorate,Liberal Profession or Professional,Lawyer,,,State Assembly Election (AE)
Tamil_Nadu,11,2,2016,5,4,0,9,KOTTEESWARAN K,M,YSP,696,34,SC,197648,250403,PONNERI,SC,TIRUVALLUR,CHENNAI CITY REGION,14,78.93,0.35,yes,56,0.03,2.56,AETN186809,Local Party,13071,TRUE,1,,,,,,0,FALSE,FALSE,FALSE,,,,,,State Assembly Election (AE)
Tamil_Nadu,11,2,2016,5,4,0,10,RUKUMANGADAN L,M,IND,640,36,SC,197648,250403,PONNERI,SC,TIRUVALLUR,CHENNAI CITY REGION,14,78.93,0.32,yes,104,0.05,2.56,AETN186810,Independents,10809,TRUE,1,,,,,,0,FALSE,FALSE,FALSE,8th Pass,Agriculture,,,,State Assembly Election (AE)
Tamil_Nadu,11,2,2016,5,4,0,11,DILLI BABU V,M,IND,536,30,SC,197648,250403,PONNERI,SC,TIRUVALLUR,CHENNAI CITY REGION,14,78.93,0.27,yes,153,0.08,2.56,AETN186811,Independents,10809,TRUE,1,,,,,,0,FALSE,FALSE,FALSE,Post Graduate,Business,Private Company,,,State Assembly Election (AE)
Tamil_Nadu,11,2,2016,5,4,0,12,SUDHAKARAN H,M,IND,383,33,SC,197648,250403,PONNERI,SC,TIRUVALLUR,CHENNAI CITY REGION,14,78.93,0.19,yes,170,0.09,2.56,AETN186812,Independents,10809,TRUE,1,,,,,,0,FALSE,FALSE,FALSE,,,,,,State Assembly Election (AE)
Tamil_Nadu,11,2,2016,5,4,0,13,ELAYARAJA R,M,IND,213,34,SC,197648,250403,PONNERI,SC,TIRUVALLUR,CHENNAI CITY REGION,14,78.93,0.11,yes,32,0.02,2.56,AETN186813,Independents,10809,TRUE,1,,,,,,0,FALSE,FALSE,FALSE,Post Graduate,Liberal Profession or Professional,Lawyer,,,State Assembly Election (AE)
Tamil_Nadu,11,2,2016,5,4,0,14,SRINIVASAN E,M,IND,181,33,SC,197648,250403,PONNERI,SC,TIRUVALLUR,CHENNAI CITY REGION,14,78.93,0.09,yes,79,0.04,2.56,AETN186814,Independents,10809,TRUE,1,,,,,,0,FALSE,FALSE,FALSE,Graduate,Agriculture,,,,State Assembly Election (AE)
Tamil_Nadu,11,2,2016,5,4,0,15,SATHISH RAJA M,M,IND,102,33,SC,197648,250403,PONNERI,SC,TIRUVALLUR,CHENNAI CITY REGION,14,78.93,0.05,yes,0,0,2.56,AETN186815,Independents,10809,TRUE,1,,,,,,0,FALSE,FALSE,FALSE,Graduate,Agriculture,,,,State Assembly Election (AE)
Tamil_Nadu,11,7,2016,5,4,0,1,BENJAMIN P,M,ADMK,99739,46,GEN,248597,402205,MADURAVOYAL,GEN,TIRUVALLUR,CHENNAI CITY REGION,14,61.81,40.12,no,8402,3.38,3.33,AETN186887,State-based Party,930,TRUE,1,,,,,,1,FALSE,FALSE,FALSE,,,,,,State Assembly Election (AE)
Tamil_Nadu,11,7,2016,5,4,0,2,RAJESH R,M,INC,91337,37,GEN,248597,402205,MADURAVOYAL,GEN,TIRUVALLUR,CHENNAI CITY REGION,14,61.81,36.74,no,71725,28.85,3.33,AETN186888,National Party,3482,TRUE,1,,,,,,0,FALSE,FALSE,FALSE,Post Graduate,Business,,,,State Assembly Election (AE)
Tamil_Nadu,11,7,2016,5,4,0,3,BEEMRAO G,M,CPM,19612,58,SC,248597,402205,MADURAVOYAL,GEN,TIRUVALLUR,CHENNAI CITY REGION,14,61.81,7.89,yes,2284,0.92,3.33,AETN186889,National Party,14635,TRUE,1,,,,,,0,FALSE,FALSE,FALSE,,,,,,State Assembly Election (AE)
Tamil_Nadu,11,7,2016,5,4,0,4,SRINIVASAN N V,M,PMK,17328,60,GEN,248597,402205,MADURAVOYAL,GEN,TIRUVALLUR,CHENNAI CITY REGION,14,61.81,6.97,yes,10673,4.29,3.33,AETN186890,State-based Party,11891,TRUE,1,,,,,,0,FALSE,FALSE,FALSE,10th Pass,Agriculture,,,,State Assembly Election (AE)
Tamil_Nadu,11,7,2016,5,4,0,5,None of the Above,,NOTA,6655,,,248597,402205,MADURAVOYAL,GEN,TIRUVALLUR,CHENNAI CITY REGION,14,61.81,2.68,,474,0.19,3.33,,NOTA,5897,TRUE,,,,,,,,,,,,,,,,State Assembly Election (AE)
Tamil_Nadu,11,7,2016,5,4,0,6,VASU M,M,NTK,6181,48,GEN,248597,402205,MADURAVOYAL,GEN,TIRUVALLUR,CHENNAI CITY REGION,14,61.81,2.49,yes,1599,0.64,3.33,AETN186891,,5533,TRUE,1,,,,,,0,FALSE,FALSE,FALSE,,,,,,State Assembly Election (AE)
Tamil_Nadu,11,7,2016,5,4,0,7,ANANDAPRIYA R,F,IJK,4582,35,GEN,248597,402205,MADURAVOYAL,GEN,TIRUVALLUR,CHENNAI CITY REGION,14,61.81,1.84,yes,3775,1.52,3.33,AETN186892,Local Party,3969,TRUE,1,,,,,,0,FALSE,FALSE,FALSE,Post Graduate,Business,"Trader, Distributors",,,State Assembly Election (AE)
Tamil_Nadu,11,7,2016,5,4,0,8,MOHAMED ABBAS S,M,BSP,807,37,GEN,248597,402205,MADURAVOYAL,GEN,TIRUVALLUR,CHENNAI CITY REGION,14,61.81,0.32,yes,258,0.1,3.33,AETN186893,State-based Party (Other State),16651,TRUE,2,BSP,16651,AMBATTUR,FALSE,TRUE,0,FALSE,FALSE,TRUE,,,,,,State Assembly Election (AE)
Tamil_Nadu,11,7,2016,5,4,0,9,DHANASEKAR A,M,YSP,549,34,GEN,248597,402205,MADURAVOYAL,GEN,TIRUVALLUR,CHENNAI CITY REGION,14,61.81,0.22,yes,46,0.02,3.33,AETN186894,Local Party,13071,TRUE,1,,,,,,0,FALSE,FALSE,FALSE,,,,,,State Assembly Election (AE)
Tamil_Nadu,11,7,2016,5,4,0,10,GANAPATHY SURESH,M,IND,503,46,GEN,248597,402205,MADURAVOYAL,GEN,TIRUVALLUR,CHENNAI CITY REGION,14,61.81,0.2,yes,73,0.03,3.33,AETN186895,Independents,10809,TRUE,1,,,,,,0,FALSE,FALSE,FALSE,,,,,,State Assembly Election (AE)
Tamil_Nadu,11,7,2016,5,4,0,11,RAJESH C,M,IND,430,30,GEN,248597,402205,MADURAVOYAL,GEN,TIRUVALLUR,CHENNAI CITY REGION,14,61.81,0.17,yes,156,0.06,3.33,AETN186896,Independents,10809,TRUE,1,,,,,,0,FALSE,FALSE,FALSE,,,,,,State Assembly Election (AE)
Tamil_Nadu,11,7,2016,5,4,0,12,SRIRANGARAYAN G,M,KMDK,274,42,GEN,248597,402205,MADURAVOYAL,GEN,TIRUVALLUR,CHENNAI CITY REGION,14,61.81,0.11,yes,5,0,3.33,AETN186897,Local Party,4877,TRUE,1,,,,,,0,FALSE,FALSE,FALSE,,,,,,State Assembly Election (AE)
Tamil_Nadu,11,7,2016,5,4,0,13,SRINIVASAN K V,M,IND,269,47,GEN,248597,402205,MADURAVOYAL,GEN,TIRUVALLUR,CHENNAI CITY REGION,14,61.81,0.11,yes,96,0.04,3.33,AETN186898,Independents,10809,TRUE,1,,,,,,0,FALSE,FALSE,FALSE,,,,,,State Assembly Election (AE)
Tamil_Nadu,11,7,2016,5,4,0,14,RAVI C V,M,IND,173,36,GEN,248597,402205,MADURAVOYAL,GEN,TIRUVALLUR,CHENNAI CITY REGION,14,61.81,0.07,yes,15,0.01,3.33,AETN186899,Independents,10809,TRUE,1,,,,,,0,FALSE,FALSE,FALSE,,,,,,State Assembly Election (AE)
Tamil_Nadu,11,7,2016,5,4,0,15,ARUN KUMAR R,M,IND,158,35,GEN,248597,402205,MADURAVOYAL,GEN,TIRUVALLUR,CHENNAI CITY REGION,14,61.81,0.06,yes,0,0,3.33,AETN186900,Independents,10809,TRUE,1,,,,,,0,FALSE,FALSE,FALSE,,,,,,State Assembly Election (AE)
Tamil_Nadu,11,8,2016,5,4,0,1,ALEXANDER V,M,ADMK,94375,44,GEN,229632,359345,AMBATTUR,GEN,TIRUVALLUR,CHENNAI CITY REGION,27,63.9,41.1,no,17498,7.62,3.33,AETN186901,State-based Party,930,TRUE,1,,,,,,1,FALSE,FALSE,FALSE,,,,,,State Assembly Election (AE)
Tamil_Nadu,11,8,2016,5,4,0,2,AASSAN MAULAANA,M,INC,76877,32,GEN,229632,359345,AMBATTUR,GEN,TIRUVALLUR,CHENNAI CITY REGION,27,63.9,33.48,no,60242,26.23,3.33,AETN186902,National Party,3482,TRUE,1,,,,,,0,FALSE,FALSE,FALSE,Post Graduate,Business,Real Estate or Builder or Developer or Construction,,,State Assembly Election (AE)
Tamil_Nadu,11,8,2016,5,4,0,3,SEKAR K N,M,PMK,16635,45,GEN,229632,359345,AMBATTUR,GEN,TIRUVALLUR,CHENNAI CITY REGION,27,63.9,7.24,yes,4,0,3.33,AETN190544,State-based Party,11891,TRUE,2,PMK,11891,GUMMIDIPOONDI,FALSE,TRUE,0,FALSE,FALSE,TRUE,8th Pass,Business,Real Estate or Builder or Developer or Construction,,,State Assembly Election (AE)
Tamil_Nadu,11,8,2016,5,4,0,4,CONSTANDINE RAVINDRAN J,M,DMDK,16631,48,GEN,229632,359345,AMBATTUR,GEN,TIRUVALLUR,CHENNAI CITY REGION,27,63.9,7.24,yes,7068,3.08,3.33,AETN186904,State-based Party,2956,TRUE,1,,,,,,0,FALSE,FALSE,FALSE,Post Graduate,Education,College Professor or Lecturer,,,State Assembly Election (AE)
Tamil_Nadu,11,8,2016,5,4,0,5,DEVARAJAN C,M,BJP,9563,46,GEN,229632,359345,AMBATTUR,GEN,TIRUVALLUR,CHENNAI CITY REGION,27,63.9,4.16,yes,3960,1.72,3.33,AETN186905,National Party,1605,TRUE,2,JMM,4653,AMBATTUR,TRUE,FALSE,0,TRUE,FALSE,TRUE,Graduate,Small Business or Self-employed,Self-employed,,,State Assembly Election (AE)
Tamil_Nadu,11,8,2016,5,4,0,6,None of the Above,,NOTA,5603,,,229632,359345,AMBATTUR,GEN,TIRUVALLUR,CHENNAI CITY REGION,27,63.9,2.44,,559,0.24,3.33,,NOTA,5897,TRUE,,,,,,,,,,,,,,,,State Assembly Election (AE)
Tamil_Nadu,11,8,2016,5,4,0,7,ANBUTHENNARASAN R,M,NTK,5044,53,GEN,229632,359345,AMBATTUR,GEN,TIRUVALLUR,CHENNAI CITY REGION,27,63.9,2.2,yes,4491,1.96,3.33,AETN186906,,5533,TRUE,1,,,,,,0,FALSE,FALSE,FALSE,12th Pass,Business,,,,State Assembly Election (AE)
Tamil_Nadu,11,8,2016,5,4,0,8,SIMRAN KALATI,F,YSP,553,40,GEN,229632,359345,AMBATTUR,GEN,TIRUVALLUR,CHENNAI CITY REGION,27,63.9,0.24,yes,74,0.03,3.33,AETN186907,Local Party,13071,TRUE,1,,,,,,0,FALSE,FALSE,FALSE,,,,,,State Assembly Election (AE)
Tamil_Nadu,11,8,2016,5,4,0,9,ABUBAKKAR M,M,NCP,479,58,GEN,229632,359345,AMBATTUR,GEN,TIRUVALLUR,CHENNAI CITY REGION,27,63.9,0.21,yes,23,0.01,3.33,AETN271315,State-based Party (Other State),5792,TRUE,1,,,,,,0,FALSE,FALSE,FALSE,,,,,,State Assembly Election (AE)
Tamil_Nadu,11,8,2016,5,4,0,10,PRAKASH C,M,BSP,456,43,SC,229632,359345,AMBATTUR,GEN,TIRUVALLUR,CHENNAI CITY REGION,27,63.9,0.2,yes,38,0.02,3.33,AETN186909,State-based Party (Other State),16651,TRUE,1,,,,,,0,FALSE,FALSE,FALSE,8th Pass,Agriculture,,,,State Assembly Election (AE)
Tamil_Nadu,11,8,2016,5,4,0,11,DEVARAJAN G,M,IND,418,40,GEN,229632,359345,AMBATTUR,GEN,TIRUVALLUR,CHENNAI CITY REGION,27,63.9,0.18,yes,15,0.01,3.33,AETN186910,Independents,10809,TRUE,1,,,,,,0,FALSE,FALSE,FALSE,Post Graduate,Liberal Profession or Professional,Lawyer,,,State Assembly Election (AE)
Tamil_Nadu,11,8,2016,5,4,0,12,PALANIVEL K,M,CPI(ML)(L),403,50,SC,229632,359345,AMBATTUR,GEN,TIRUVALLUR,CHENNAI CITY REGION,27,63.9,0.18,yes,18,0.01,3.33,AETN271847,Local Party,2472,TRUE,3,CPI(ML)(L),2472,AMBATTUR,TRUE,TRUE,0,FALSE,FALSE,TRUE,,,,,,State Assembly Election (AE)
Tamil_Nadu,11,8,2016,5,4,0,13,CHINNADURAI M,M,IND,385,39,GEN,229632,359345,AMBATTUR,GEN,TIRUVALLUR,CHENNAI CITY REGION,27,63.9,0.17,yes,46,0.02,3.33,AETN186912,Independents,10809,TRUE,1,,,,,,0,FALSE,FALSE,FALSE,Graduate Professional,Liberal Profession or Professional,Lawyer,,,State Assembly Election (AE)
Tamil_Nadu,11,8,2016,5,4,0,14,SHIVAKUMAR S,M,IND,339,37,GEN,229632,359345,AMBATTUR,GEN,TIRUVALLUR,CHENNAI CITY REGION,27,63.9,0.15,yes,72,0.03,3.33,AETN186913,Independents,10809,TRUE,1,,,,,,0,FALSE,FALSE,FALSE,,,,,,State Assembly Election (AE)
Tamil_Nadu,11,8,2016,5,4,0,15,NARMADHA NANDHAKUMAR,F,IND,267,37,GEN,229632,359345,AMBATTUR,GEN,TIRUVALLUR,CHENNAI CITY REGION,27,63.9,0.12,yes,33,0.01,3.33,AETN186914,Independents,10809,TRUE,1,,,,,,0,FALSE,FALSE,FALSE,Post Graduate,Education,School Teacher,,,State Assembly Election (AE)
Tamil_Nadu,11,8,2016,5,4,0,16,PRAKASH R,M,IND,234,49,GEN,229632,359345,AMBATTUR,GEN,TIRUVALLUR,CHENNAI CITY REGION,27,63.9,0.1,yes,68,0.03,3.33,AETN186915,Independents,10809,TRUE,1,,,,,,0,FALSE,FALSE,FALSE,Graduate,Other,,,,State Assembly Election (AE)
Tamil_Nadu,11,8,2016,5,4,0,17,VISWANATHAN R,M,IND,166,59,GEN,229632,359345,AMBATTUR,GEN,TIRUVALLUR,CHENNAI CITY REGION,27,63.9,0.07,yes,38,0.02,3.33,AETN186916,Independents,10809,TRUE,1,,,,,,0,FALSE,FALSE,FALSE,Post Graduate,Business,,,,State Assembly Election (AE)
Tamil_Nadu,11,8,2016,5,4,0,18,MANOHARAN D,M,IND,128,38,SC,229632,359345,AMBATTUR,GEN,TIRUVALLUR,CHENNAI CITY REGION,27,63.9,0.06,yes,9,0,3.33,AETN186917,Independents,10809,TRUE,1,,,,,,0,FALSE,FALSE,FALSE,,,,,,State Assembly Election (AE)
Tamil_Nadu,11,8,2016,5,4,0,19,BALAJI G,M,IND,119,38,GEN,229632,359345,AMBATTUR,GEN,TIRUVALLUR,CHENNAI CITY REGION,27,63.9,0.05,yes,2,0,3.33,AETN270653,Independents,10809,TRUE,2,IND,10809,AMBATTUR,TRUE,TRUE,0,FALSE,FALSE,TRUE,8th Pass,Labourer or Daily Wage,Taxi Driver,,,State Assembly Election (AE)
Tamil_Nadu,11,8,2016,5,4,0,20,GANESAN N,M,IND,117,47,GEN,229632,359345,AMBATTUR,GEN,TIRUVALLUR,CHENNAI CITY REGION,27,63.9,0.05,yes,1,0,3.33,AETN186919,Independents,10809,TRUE,1,,,,,,0,FALSE,FALSE,FALSE,8th Pass,Business,,,,State Assembly Election (AE)
Tamil_Nadu,11,8,2016,5,4,0,21,KANAKARAJ K,M,IND,116,47,SC,229632,359345,AMBATTUR,GEN,TIRUVALLUR,CHENNAI CITY REGION,27,63.9,0.05,yes,1,0,3.33,AETN186920,Independents,10809,TRUE,1,,,,,,0,FALSE,FALSE,FALSE,5th Pass,Other,,,,State Assembly Election (AE)
Tamil_Nadu,11,8,2016,5,4,0,22,RAMESH B,M,IND,115,46,GEN,229632,359345,AMBATTUR,GEN,TIRUVALLUR,CHENNAI CITY REGION,27,63.9,0.05,yes,3,0,3.33,AETN186921,Independents,10809,TRUE,1,,,,,,0,FALSE,FALSE,FALSE,,,,,,State Assembly Election (AE)
Tamil_Nadu,11,8,2016,5,4,0,23,RANGANATHAN K,M,VTK,112,36,GEN,229632,359345,AMBATTUR,GEN,TIRUVALLUR,CHENNAI CITY REGION,27,63.9,0.05,yes,3,0,3.33,AETN186922,Local Party,8467,TRUE,1,,,,,,0,FALSE,FALSE,FALSE,Graduate,Labourer or Daily Wage,Coolie,,,State Assembly Election (AE)
Tamil_Nadu,11,8,2016,5,4,0,24,RAMADASS A S,M,IND,109,46,SC,229632,359345,AMBATTUR,GEN,TIRUVALLUR,CHENNAI CITY REGION,27,63.9,0.05,yes,3,0,3.33,AETN186923,Independents,10809,TRUE,1,,,,,,0,FALSE,FALSE,FALSE,8th Pass,Business,Real Estate or Builder or Developer or Construction,,,State Assembly Election (AE)
Tamil_Nadu,11,8,2016,5,4,0,25,DHANRAJ P,M,IND,106,61,GEN,229632,359345,AMBATTUR,GEN,TIRUVALLUR,CHENNAI CITY REGION,27,63.9,0.05,yes,6,0,3.33,AETN186924,Independents,10809,TRUE,1,,,,,,0,FALSE,FALSE,FALSE,,,,,,State Assembly Election (AE)
Tamil_Nadu,11,8,2016,5,4,0,26,ARUMUGAM S,M,IND,100,49,SC,229632,359345,AMBATTUR,GEN,TIRUVALLUR,CHENNAI CITY REGION,27,63.9,0.04,yes,1,0,3.33,AETN186925,Independents,10809,TRUE,1,,,,,,0,FALSE,FALSE,FALSE,5th Pass,Labourer or Daily Wage,Coolie,,,State Assembly Election (AE)
Tamil_Nadu,11,8,2016,5,4,0,27,BALACHANDAR M,M,PPIS,99,38,GEN,229632,359345,AMBATTUR,GEN,TIRUVALLUR,CHENNAI CITY REGION,27,63.9,0.04,yes,16,0.01,3.33,AETN186926,Local Party,6057,TRUE,1,,,,,,0,FALSE,FALSE,FALSE,10th Pass,Other,,,,State Assembly Election (AE)
Tamil_Nadu,11,8,2016,5,4,0,28,VIJAYAKUMAR G,M,IND,83,58,GEN,229632,359345,AMBATTUR,GEN,TIRUVALLUR,CHENNAI CITY REGION,27,63.9,0.04,yes,0,0,3.33,AETN186927,Independents,10809,TRUE,1,,,,,,0,FALSE,FALSE,FALSE,,,,,,State Assembly Election (AE)
Tamil_Nadu,11,9,2016,5,4,0,1,SUDHARSANAM S,M,DMK,122082,57,GEN,268718,392299,MADAVARAM,GEN,TIRUVALLUR,CHENNAI CITY REGION,15,68.5,45.43,no,15253,5.68,2.7,AETN186928,State-based Party,10192,TRUE,1,,,,,,1,FALSE,FALSE,FALSE,Post Graduate,Liberal Profession or Professional,Lawyer,,,State Assembly Election (AE)
Tamil_Nadu,11,9,2016,5,4,0,2,DHAKSHNAMOORTHY D,M,ADMK,106829,41,GEN,268718,392299,MADAVARAM,GEN,TIRUVALLUR,CHENNAI CITY REGION,15,68.5,39.76,no,92584,34.45,2.7,AETN186929,State-based Party,930,TRUE,1,,,,,,0,FALSE,FALSE,FALSE,,,,,,State Assembly Election (AE)
Tamil_Nadu,11,9,2016,5,4,0,3,ERAVIRAJ G,M,PMK,14245,51,GEN,268718,392299,MADAVARAM,GEN,TIRUVALLUR,CHENNAI CITY REGION,15,68.5,5.3,yes,4862,1.81,2.7,AETN186930,State-based Party,11891,TRUE,2,PMK,11891,TIRUTTANI,FALSE,TRUE,0,FALSE,FALSE,FALSE,Graduate,Business,,,,State Assembly Election (AE)
Tamil_Nadu,11,9,2016,5,4,0,4,KANNAN A S,M,CPI,9383,74,SC,268718,392299,MADAVARAM,GEN,TIRUVALLUR,CHENNAI CITY REGION,15,68.5,3.49,yes,4222,1.57,2.7,AETN186931,State-based Party (Other State),2444,TRUE,2,CPI,2444,PONNERI,FALSE,TRUE,1,FALSE,FALSE,FALSE,10th Pass,Business,,,,State Assembly Election (AE)
Tamil_Nadu,11,9,2016,5,4,0,5,JANAKIRAMAN R M R,M,BJP,5161,60,GEN,268718,392299,MADAVARAM,GEN,TIRUVALLUR,CHENNAI CITY REGION,15,68.5,1.92,yes,870,0.32,2.7,AETN186932,National Party,1605,TRUE,2,BJP,1605,THIRUVALLUR,FALSE,TRUE,0,FALSE,FALSE,TRUE,Graduate,Agriculture,,,,State Assembly Election (AE)
Tamil_Nadu,11,9,2016,5,4,0,6,None of the Above,,NOTA,4291,,,268718,392299,MADAVARAM,GEN,TIRUVALLUR,CHENNAI CITY REGION,15,68.5,1.6,,594,0.22,2.7,,NOTA,5897,TRUE,,,,,,,,,,,,,,,,State Assembly Election (AE)
Tamil_Nadu,11,9,2016,5,4,0,7,ELUMALAI R,M,NTK,3697,50,GEN,268718,392299,MADAVARAM,GEN,TIRUVALLUR,CHENNAI CITY REGION,15,68.5,1.38,yes,2868,1.07,2.7,AETN186933,,5533,TRUE,1,,,,,,0,FALSE,FALSE,FALSE,,,,,,State Assembly Election (AE)
Tamil_Nadu,11,9,2016,5,4,0,8,GIRI C,M,BSP,829,33,SC,268718,392299,MADAVARAM,GEN,TIRUVALLUR,CHENNAI CITY REGION,15,68.5,0.31,yes,256,0.1,2.7,AETN186934,State-based Party (Other State),16651,TRUE,1,,,,,,0,FALSE,FALSE,FALSE,,,,,,State Assembly Election (AE)
Tamil_Nadu,11,9,2016,5,4,0,9,GOPI M,M,YSP,573,37,SC,268718,392299,MADAVARAM,GEN,TIRUVALLUR,CHENNAI CITY REGION,15,68.5,0.21,yes,180,0.07,2.7,AETN186935,Local Party,13071,TRUE,1,,,,,,0,FALSE,FALSE,FALSE,,,,,,State Assembly Election (AE)
Tamil_Nadu,11,9,2016,5,4,0,10,JANAKIRAMAN S,M,CPI(ML)(L),393,49,SC,268718,392299,MADAVARAM,GEN,TIRUVALLUR,CHENNAI CITY REGION,15,68.5,0.15,yes,81,0.03,2.7,AETN190661,Local Party,2472,TRUE,5,CPI(ML)(L),2472,MADAVARAM,TRUE,TRUE,0,FALSE,FALSE,TRUE,,,,,,State Assembly Election (AE)
Tamil_Nadu,11,9,2016,5,4,0,11,NANDAKUMAR P,M,IND,312,46,GEN,268718,392299,MADAVARAM,GEN,TIRUVALLUR,CHENNAI CITY REGION,15,68.5,0.12,yes,9,0,2.7,AETN270622,Independents,10809,TRUE,3,IND,10809,MADAVARAM | TAMBARAM,TRUE,TRUE,0,FALSE,FALSE,TRUE,,,,,,State Assembly Election (AE)
Tamil_Nadu,11,9,2016,5,4,0,12,VINOTHKUMAR P,M,FIP,303,31,GEN,268718,392299,MADAVARAM,GEN,TIRUVALLUR,CHENNAI CITY REGION,15,68.5,0.11,yes,47,0.02,2.7,AETN186938,Local Party,8316,TRUE,1,,,,,,0,FALSE,FALSE,FALSE,,,,,,State Assembly Election (AE)
Tamil_Nadu,11,9,2016,5,4,0,13,NAGARAJ S,M,IND,256,33,SC,268718,392299,MADAVARAM,GEN,TIRUVALLUR,CHENNAI CITY REGION,15,68.5,0.1,yes,124,0.05,2.7,AETN186939,Independents,10809,TRUE,1,,,,,,0,FALSE,FALSE,FALSE,8th Pass,Labourer or Daily Wage,Taxi Driver,,,State Assembly Election (AE)
Tamil_Nadu,11,9,2016,5,4,0,14,RAJASEKARAN M,M,IND,132,27,SC,268718,392299,MADAVARAM,GEN,TIRUVALLUR,CHENNAI CITY REGION,15,68.5,0.05,yes,9,0,2.7,AETN186940,Independents,10809,TRUE,1,,,,,,0,FALSE,FALSE,FALSE,,,,,,State Assembly Election (AE)
Tamil_Nadu,11,9,2016,5,4,0,15,SATHEESH S,M,IND,123,31,GEN,268718,392299,MADAVARAM,GEN,TIRUVALLUR,CHENNAI CITY REGION,15,68.5,0.05,yes,14,0.01,2.7,AETN186941,Independents,10809,TRUE,1,,,,,,0,FALSE,FALSE,FALSE,10th Pass,Labourer or Daily Wage,Taxi Driver,,,State Assembly Election (AE)
Tamil_Nadu,11,9,2016,5,4,0,16,SURESHKUMAR S,M,IND,109,34,SC,268718,392299,MADAVARAM,GEN,TIRUVALLUR,CHENNAI CITY REGION,15,68.5,0.04,yes,0,0,2.7,AETN186942,Independents,10809,TRUE,1,,,,,,0,FALSE,FALSE,FALSE,,,,,,State Assembly Election (AE)
Tamil_Nadu,11,10,2016,5,4,0,1,SAMY.K.P.P,M,DMK,82205,53,GEN,190061,284010,THIRUVOTTIYUR,GEN,TIRUVALLUR,CHENNAI CITY REGION,21,66.92,43.25,no,4863,2.56,2.7,AETN190667,State-based Party,10192,TRUE,3,DMK,10192,THIRUVOTTIYUR,TRUE,TRUE,2,FALSE,FALSE,TRUE,8th Pass,Politics,,,,State Assembly Election (AE)
Tamil_Nadu,11,10,2016,5,4,0,2,BALRAJ.B,M,ADMK,77342,58,GEN,190061,284010,THIRUVOTTIYUR,GEN,TIRUVALLUR,CHENNAI CITY REGION,21,66.92,40.69,no,63879,33.61,2.7,AETN198548,State-based Party,930,TRUE,2,ADMK,930,THIRUVOTTIYUR,TRUE,TRUE,0,FALSE,FALSE,FALSE,,,,,,State Assembly Election (AE)
Tamil_Nadu,11,10,2016,5,4,0,3,ARUMUGAM.A.V,M,DMDK,13463,37,GEN,190061,284010,THIRUVOTTIYUR,GEN,TIRUVALLUR,CHENNAI CITY REGION,21,66.92,7.08,yes,9438,4.97,2.7,AETN186945,State-based Party,2956,TRUE,1,,,,,,0,FALSE,FALSE,FALSE,,,,,,State Assembly Election (AE)
Tamil_Nadu,11,10,2016,5,4,0,4,VASANTHAKUMARI.R,F,PMK,4025,42,GEN,190061,284010,THIRUVOTTIYUR,GEN,TIRUVALLUR,CHENNAI CITY REGION,21,66.92,2.12,yes,64,0.03,2.7,AETN186946,State-based Party,11891,TRUE,1,,,,,,0,FALSE,FALSE,FALSE,,,,,,State Assembly Election (AE)
Tamil_Nadu,11,10,2016,5,4,0,5,GOKUL.R,M,NTK,3961,42,GEN,190061,284010,THIRUVOTTIYUR,GEN,TIRUVALLUR,CHENNAI CITY REGION,21,66.92,2.08,yes,648,0.34,2.7,AETN186947,,5533,TRUE,1,,,,,,0,FALSE,FALSE,FALSE,,,,,,State Assembly Election (AE)
Tamil_Nadu,11,10,2016,5,4,0,6,SIVAKUMAR.M,M,BJP,3313,46,GEN,190061,284010,THIRUVOTTIYUR,GEN,TIRUVALLUR,CHENNAI CITY REGION,21,66.92,1.74,yes,396,0.21,2.7,AETN271072,National Party,1605,TRUE,1,,,,,,0,FALSE,FALSE,FALSE,,,,,,State Assembly Election (AE)
Tamil_Nadu,11,10,2016,5,4,0,7,None of the Above,,NOTA,2917,,,190061,284010,THIRUVOTTIYUR,GEN,TIRUVALLUR,CHENNAI CITY REGION,21,66.92,1.53,,2406,1.27,2.7,,NOTA,5897,TRUE,,,,,,,,,,,,,,,,State Assembly Election (AE)
Tamil_Nadu,11,10,2016,5,4,0,8,DHANASEKAR.C,M,IND,511,33,GEN,190061,284010,THIRUVOTTIYUR,GEN,TIRUVALLUR,CHENNAI CITY REGION,21,66.92,0.27,yes,86,0.05,2.7,AETN186949,Independents,10809,TRUE,1,,,,,,0,FALSE,FALSE,FALSE,,,,,,State Assembly Election (AE)
Tamil_Nadu,11,10,2016,5,4,0,9,KARNAN.P,M,SHS,425,49,GEN,190061,284010,THIRUVOTTIYUR,GEN,TIRUVALLUR,CHENNAI CITY REGION,21,66.92,0.22,yes,126,0.07,2.7,AETN186950,State-based Party (Other State),18691,TRUE,1,,,,,,0,FALSE,FALSE,FALSE,5th Pass,Agriculture,,,,State Assembly Election (AE)
Tamil_Nadu,11,10,2016,5,4,0,10,TAMILSELVAN.S,M,IND,299,33,GEN,190061,284010,THIRUVOTTIYUR,GEN,TIRUVALLUR,CHENNAI CITY REGION,21,66.92,0.16,yes,47,0.02,2.7,AETN186951,Independents,10809,TRUE,1,,,,,,0,FALSE,FALSE,FALSE,,,,,,State Assembly Election (AE)
Tamil_Nadu,11,10,2016,5,4,0,11,NANDHAKUMAR.B,M,GOKMK,252,28,GEN,190061,284010,THIRUVOTTIYUR,GEN,TIRUVALLUR,CHENNAI CITY REGION,21,66.92,0.13,yes,56,0.03,2.7,AETN186952,Local Party,3110,TRUE,1,,,,,,0,FALSE,FALSE,FALSE,Graduate,Salaried Work or Employed,,,,State Assembly Election (AE)
Tamil_Nadu,11,10,2016,5,4,0,12,SELVAM.P,M,IND,196,54,GEN,190061,284010,THIRUVOTTIYUR,GEN,TIRUVALLUR,CHENNAI CITY REGION,21,66.92,0.1,yes,6,0,2.7,AETN186953,Independents,10809,TRUE,1,,,,,,0,FALSE,FALSE,FALSE,,,,,,State Assembly Election (AE)
Tamil_Nadu,11,10,2016,5,4,0,13,THAMOTHARAN.P,M,IND,190,39,GEN,190061,284010,THIRUVOTTIYUR,GEN,TIRUVALLUR,CHENNAI CITY REGION,21,66.92,0.1,yes,24,0.01,2.7,AETN186954,Independents,10809,TRUE,1,,,,,,0,FALSE,FALSE,FALSE,,,,,,State Assembly Election (AE)
Tamil_Nadu,11,10,2016,5,4,0,14,RAMESH.E,M,IND,166,41,GEN,190061,284010,THIRUVOTTIYUR,GEN,TIRUVALLUR,CHENNAI CITY REGION,21,66.92,0.09,yes,7,0,2.7,AETN186955,Independents,10809,TRUE,1,,,,,,0,FALSE,FALSE,FALSE,,,,,,State Assembly Election (AE)
Tamil_Nadu,11,10,2016,5,4,0,15,KARIMULLA.M.G,M,IND,159,55,GEN,190061,284010,THIRUVOTTIYUR,GEN,TIRUVALLUR,CHENNAI CITY REGION,21,66.92,0.08,yes,21,0.01,2.7,AETN186956,Independents,10809,TRUE,1,,,,,,0,FALSE,FALSE,FALSE,,,,,,State Assembly Election (AE)
Tamil_Nadu,11,10,2016,5,4,0,16,MANIKANDAN.K,M,IND,138,26,SC,190061,284010,THIRUVOTTIYUR,GEN,TIRUVALLUR,CHENNAI CITY REGION,21,66.92,0.07,yes,34,0.02,2.7,AETN186957,Independents,10809,TRUE,1,,,,,,0,FALSE,FALSE,FALSE,,,,,,State Assembly Election (AE)
Tamil_Nadu,11,10,2016,5,4,0,17,ZAKIR HUSSAIN.B,M,IND,104,42,GEN,190061,284010,THIRUVOTTIYUR,GEN,TIRUVALLUR,CHENNAI CITY REGION,21,66.92,0.05,yes,4,0,2.7,AETN201064,Independents,10809,TRUE,2,IND,10809,TIRUCHIRAPALLI-I,FALSE,TRUE,0,FALSE,FALSE,FALSE,,,,,,State Assembly Election (AE)
Tamil_Nadu,11,10,2016,5,4,0,18,SUNDAR.D,M,VTIP,100,28,GEN,190061,284010,THIRUVOTTIYUR,GEN,TIRUVALLUR,CHENNAI CITY REGION,21,66.92,0.05,yes,13,0.01,2.7,AETN186959,Local Party,8487,TRUE,1,,,,,,0,FALSE,FALSE,FALSE,,,,,,State Assembly Election (AE)
Tamil_Nadu,11,10,2016,5,4,0,19,SANKAR.D,M,IND,87,40,SC,190061,284010,THIRUVOTTIYUR,GEN,TIRUVALLUR,CHENNAI CITY REGION,21,66.92,0.05,yes,8,0,2.7,AETN186960,Independents,10809,TRUE,1,,,,,,0,FALSE,FALSE,FALSE,,,,,,State Assembly Election (AE)
Tamil_Nadu,11,10,2016,5,4,0,20,SENTHIL.K,M,IND,79,40,GEN,190061,284010,THIRUVOTTIYUR,GEN,TIRUVALLUR,CHENNAI CITY REGION,21,66.92,0.04,yes,14,0.01,2.7,AETN230400,Independents,10809,TRUE,2,IND,10809,RISHIVANDIYAM,FALSE,TRUE,0,FALSE,FALSE,TRUE,,,,,,State Assembly Election (AE)
Tamil_Nadu,11,10,2016,5,4,0,21,ISRATHBEGUM.A.R,F,IND,65,43,GEN,190061,284010,THIRUVOTTIYUR,GEN,TIRUVALLUR,CHENNAI CITY REGION,21,66.92,0.03,yes,1,0,2.7,AETN186962,Independents,10809,TRUE,1,,,,,,0,FALSE,FALSE,FALSE,,,,,,State Assembly Election (AE)
Tamil_Nadu,11,10,2016,5,4,0,22,SOWRI RAJAN.M,M,PPIS,64,53,GEN,190061,284010,THIRUVOTTIYUR,GEN,TIRUVALLUR,CHENNAI CITY REGION,21,66.92,0.03,yes,0,0,2.7,AETN186963,Local Party,6057,TRUE,1,,,,,,0,FALSE,FALSE,FALSE,,,,,,State Assembly Election (AE)
Tamil_Nadu,11,11,2016,5,4,0,1,JAYALALITHAA J,F,ADMK,97218,68,GEN,174015,254558,DR. RADHAKRISHNAN NAGAR,GEN,CHENNAI,CHENNAI CITY REGION,45,68.36,55.87,no,39545,22.73,2.38,AETN192262,State-based Party,930,TRUE,8,ADMK,930,DR. RADHAKRISHNAN NAGAR,FALSE,TRUE,8,FALSE,TRUE,TRUE,,,,,,State Assembly Election (AE)
Tamil_Nadu,11,11,2016,5,4,0,2,SHIMLA MUTHUCHOZHAN,F,DMK,57673,34,GEN,174015,254558,DR. RADHAKRISHNAN NAGAR,GEN,CHENNAI,CHENNAI CITY REGION,45,68.36,33.14,no,53478,30.73,2.38,AETN186965,State-based Party,10192,TRUE,1,,,,,,0,FALSE,FALSE,FALSE,Graduate Professional,Liberal Profession or Professional,Lawyer,,,State Assembly Election (AE)
Tamil_Nadu,11,11,2016,5,4,0,3,VASANTHI DEVI V,F,VCK,4195,77,GEN,174015,254558,DR. RADHAKRISHNAN NAGAR,GEN,CHENNAI,CHENNAI CITY REGION,45,68.36,2.41,yes,1184,0.68,2.38,AETN186966,Local Party,8488,TRUE,1,,,,,,0,FALSE,FALSE,FALSE,Doctorate,Retired or Pension,Retired Teacher,Former Government,Ex Govt Employee,State Assembly Election (AE)
Tamil_Nadu,11,11,2016,5,4,0,4,AGNES F,F,PMK,3011,49,GEN,174015,254558,DR. RADHAKRISHNAN NAGAR,GEN,CHENNAI,CHENNAI CITY REGION,45,68.36,1.73,yes,83,0.05,2.38,AETN186967,State-based Party,11891,TRUE,1,,,,,,0,FALSE,FALSE,FALSE,5th Pass,Business,Real Estate or Builder or Developer or Construction,,,State Assembly Election (AE)
Tamil_Nadu,11,11,2016,5,4,0,5,RAJA M.N,M,BJP,2928,58,GEN,174015,254558,DR. RADHAKRISHNAN NAGAR,GEN,CHENNAI,CHENNAI CITY REGION,45,68.36,1.68,yes,55,0.03,2.38,AETN186968,National Party,1605,TRUE,1,,,,,,0,FALSE,FALSE,FALSE,Post Graduate,Business,,,,State Assembly Election (AE)
Tamil_Nadu,11,11,2016,5,4,0,6,None of the Above,,NOTA,2873,,,174015,254558,DR. RADHAKRISHNAN NAGAR,GEN,CHENNAI,CHENNAI CITY REGION,45,68.36,1.65,,360,0.21,2.38,,NOTA,5897,TRUE,,,,,,,,,,,,,,,,State Assembly Election (AE)
Tamil_Nadu,11,11,2016,5,4,0,7,DEVI G,O,NTK,2513,38,GEN,174015,254558,DR. RADHAKRISHNAN NAGAR,GEN,CHENNAI,CHENNAI CITY REGION,45,68.36,1.44,yes,2186,1.26,2.38,AETN186969,,5533,TRUE,1,,,,,,0,FALSE,FALSE,FALSE,12th Pass,Labourer or Daily Wage,,Agriculture,,State Assembly Election (AE)
Tamil_Nadu,11,11,2016,5,4,0,8,EDINBUROUGH J,M,BSP,327,37,GEN,174015,254558,DR. RADHAKRISHNAN NAGAR,GEN,CHENNAI,CHENNAI CITY REGION,45,68.36,0.19,yes,97,0.06,2.38,AETN186970,State-based Party (Other State),16651,TRUE,1,,,,,,0,FALSE,FALSE,FALSE,Graduate,Other,,,,State Assembly Election (AE)
Tamil_Nadu,11,11,2016,5,4,0,9,MICHAEL RAJ M.A,M,IND,230,47,GEN,174015,254558,DR. RADHAKRISHNAN NAGAR,GEN,CHENNAI,CHENNAI CITY REGION,45,68.36,0.13,yes,24,0.01,2.38,AETN186971,Independents,10809,TRUE,1,,,,,,0,FALSE,FALSE,FALSE,8th Pass,Other,,,,State Assembly Election (AE)
Tamil_Nadu,11,11,2016,5,4,0,10,SELVARANI,F,IND,206,38,SC,174015,254558,DR. RADHAKRISHNAN NAGAR,GEN,CHENNAI,CHENNAI CITY REGION,45,68.36,0.12,yes,2,0,2.38,AETN186972,Independents,10809,TRUE,1,,,,,,0,FALSE,FALSE,FALSE,Graduate,Social Work,Activist,,,State Assembly Election (AE)
Tamil_Nadu,11,11,2016,5,4,0,11,MARIMUTHU P,M,IND,204,60,GEN,174015,254558,DR. RADHAKRISHNAN NAGAR,GEN,CHENNAI,CHENNAI CITY REGION,45,68.36,0.12,yes,15,0.01,2.38,AETN272650,Independents,10809,TRUE,4,IND,10809,DR. RADHAKRISHNAN NAGAR,FALSE,TRUE,0,FALSE,FALSE,TRUE,5th Pass,Business,,,,State Assembly Election (AE)
Tamil_Nadu,11,11,2016,5,4,0,12,GOPI M,M,IND,189,36,GEN,174015,254558,DR. RADHAKRISHNAN NAGAR,GEN,CHENNAI,CHENNAI CITY REGION,45,68.36,0.11,yes,12,0.01,2.38,AETN190730,Independents,10809,TRUE,2,IND,10809,DR. RADHAKRISHNAN NAGAR,FALSE,TRUE,0,FALSE,FALSE,TRUE,10th Pass,Labourer or Daily Wage,Taxi Driver,,,State Assembly Election (AE)
Tamil_Nadu,11,11,2016,5,4,0,13,ARUNTHATHI RAMACHANDRAN,M,IND,177,41,SC,174015,254558,DR. RADHAKRISHNAN NAGAR,GEN,CHENNAI,CHENNAI CITY REGION,45,68.36,0.1,yes,15,0.01,2.38,AETN186975,Independents,10809,TRUE,1,,,,,,0,FALSE,FALSE,FALSE,Illiterate,Salaried Work or Employed,,,,State Assembly Election (AE)
Tamil_Nadu,11,11,2016,5,4,0,14,VENUGOPAL D,M,SHS,162,30,SC,174015,254558,DR. RADHAKRISHNAN NAGAR,GEN,CHENNAI,CHENNAI CITY REGION,45,68.36,0.09,yes,30,0.02,2.38,AETN186976,State-based Party (Other State),18691,TRUE,1,,,,,,0,FALSE,FALSE,FALSE,10th Pass,Small Business or Self-employed,Self-employed,,,State Assembly Election (AE)
Tamil_Nadu,11,11,2016,5,4,0,15,SADAIYANDI.E,M,SUCI,132,53,SC,174015,254558,DR. RADHAKRISHNAN NAGAR,GEN,CHENNAI,CHENNAI CITY REGION,45,68.36,0.08,yes,7,0,2.38,AETN186977,State-based Party (Other State),8082,TRUE,1,,,,,,0,FALSE,FALSE,FALSE,5th Pass,Business,Manufacturer,,,State Assembly Election (AE)
Tamil_Nadu,11,11,2016,5,4,0,16,RAVI PARAYANAR.D,M,RPI(A),125,39,SC,174015,254558,DR. RADHAKRISHNAN NAGAR,GEN,CHENNAI,CHENNAI CITY REGION,45,68.36,0.07,yes,6,0,2.38,GETN269901,Local Party,12285,TRUE,1,,,,,,0,FALSE,FALSE,FALSE,10th Pass,Business,Real Estate or Builder or Developer or Construction,,,State Assembly Election (AE)
Tamil_Nadu,11,11,2016,5,4,0,17,BHUVANESWARI P,F,IND,119,28,SC,174015,254558,DR. RADHAKRISHNAN NAGAR,GEN,CHENNAI,CHENNAI CITY REGION,45,68.36,0.07,yes,15,0.01,2.38,AETN186979,Independents,10809,TRUE,1,,,,,,0,FALSE,FALSE,FALSE,12th Pass,Other,Household,,,State Assembly Election (AE)
Tamil_Nadu,11,11,2016,5,4,0,18,KAVERISELVAM M,M,IND,104,28,GEN,174015,254558,DR. RADHAKRISHNAN NAGAR,GEN,CHENNAI,CHENNAI CITY REGION,45,68.36,0.06,yes,4,0,2.38,AETN186980,Independents,10809,TRUE,1,,,,,,0,FALSE,FALSE,FALSE,Graduate Professional,Liberal Profession or Professional,Lawyer,,,State Assembly Election (AE)
Tamil_Nadu,11,11,2016,5,4,0,19,NAMBIRAJAN N,M,IND,100,31,SC,174015,254558,DR. RADHAKRISHNAN NAGAR,GEN,CHENNAI,CHENNAI CITY REGION,45,68.36,0.06,yes,1,0,2.38,AETN186981,Independents,10809,TRUE,1,,,,,,0,FALSE,FALSE,FALSE,Graduate,Salaried Work or Employed,,,,State Assembly Election (AE)
Tamil_Nadu,11,11,2016,5,4,0,20,JAYALAKSHMI K,F,IND,99,36,GEN,174015,254558,DR. RADHAKRISHNAN NAGAR,GEN,CHENNAI,CHENNAI CITY REGION,45,68.36,0.06,yes,1,0,2.38,AETN186982,Independents,10809,TRUE,1,,,,,,0,FALSE,FALSE,FALSE,8th Pass,Business,,,,State Assembly Election (AE)
Tamil_Nadu,11,11,2016,5,4,0,21,MANAOHARAN S,M,IND,98,34,GEN,174015,254558,DR. RADHAKRISHNAN NAGAR,GEN,CHENNAI,CHENNAI CITY REGION,45,68.36,0.06,yes,16,0.01,2.38,AETN186983,Independents,10809,TRUE,1,,,,,,0,FALSE,FALSE,FALSE,Post Graduate,Salaried Work or Employed,Medical Professional,,,State Assembly Election (AE)
Tamil_Nadu,11,11,2016,5,4,0,22,PREMKUMAR P,M,IND,82,27,GEN,174015,254558,DR. RADHAKRISHNAN NAGAR,GEN,CHENNAI,CHENNAI CITY REGION,45,68.36,0.05,yes,1,0,2.38,AETN186984,Independents,10809,TRUE,1,,,,,,0,FALSE,FALSE,FALSE,5th Pass,Labourer or Daily Wage,Taxi Driver,,,State Assembly Election (AE)
Tamil_Nadu,11,11,2016,5,4,0,23,ARUNTHATHI VADIVEL MURUGAN,M,IND,81,41,SC,174015,254558,DR. RADHAKRISHNAN NAGAR,GEN,CHENNAI,CHENNAI CITY REGION,45,68.36,0.05,yes,1,0,2.38,AETN186985,Independents,10809,TRUE,1,,,,,,0,FALSE,FALSE,FALSE,Graduate Professional,Liberal Profession or Professional,Lawyer,,,State Assembly Election (AE)
Tamil_Nadu,11,11,2016,5,4,0,24,MEENACHI SUNDARAM V,M,IND,80,34,GEN,174015,254558,DR. RADHAKRISHNAN NAGAR,GEN,CHENNAI,CHENNAI CITY REGION,45,68.36,0.05,yes,7,0,2.38,AETN189490,Independents,10809,TRUE,1,,,,,,0,FALSE,FALSE,FALSE,Graduate,Liberal Profession or Professional,Author,Social Work,,State Assembly Election (AE)
Tamil_Nadu,11,11,2016,5,4,0,25,YUVARAJ S,M,IND,73,27,SC,174015,254558,DR. RADHAKRISHNAN NAGAR,GEN,CHENNAI,CHENNAI CITY REGION,45,68.36,0.04,yes,0,0,2.38,AETN186987,Independents,10809,TRUE,1,,,,,,0,FALSE,FALSE,FALSE,Post Graduate,Salaried Work or Employed,Medical Professional,,,State Assembly Election (AE)
Tamil_Nadu,11,11,2016,5,4,0,26,CHANDRASEKAR K,M,IND,73,42,SC,174015,254558,DR. RADHAKRISHNAN NAGAR,GEN,CHENNAI,CHENNAI CITY REGION,45,68.36,0.04,yes,1,0,2.38,AETN186988,Independents,10809,TRUE,1,,,,,,0,FALSE,FALSE,FALSE,8th Pass,Labourer or Daily Wage,Coolie,,,State Assembly Election (AE)
Tamil_Nadu,11,11,2016,5,4,0,27,PONRAJ P,M,IND,72,45,GEN,174015,254558,DR. RADHAKRISHNAN NAGAR,GEN,CHENNAI,CHENNAI CITY REGION,45,68.36,0.04,yes,4,0,2.38,AETN186989,Independents,10809,TRUE,2,IND,10809,DR. RADHAKRISHNAN NAGAR,FALSE,TRUE,0,FALSE,FALSE,TRUE,5th Pass,Labourer or Daily Wage,Taxi Driver,,,State Assembly Election (AE)
Tamil_Nadu,11,11,2016,5,4,0,28,ABRAHAM RAJAMOHAN.R,M,PPIS,68,68,GEN,174015,254558,DR. RADHAKRISHNAN NAGAR,GEN,CHENNAI,CHENNAI CITY REGION,45,68.36,0.04,yes,5,0,2.38,AETN190711,Local Party,6057,TRUE,2,PPI,24821,DR. RADHAKRISHNAN NAGAR,FALSE,FALSE,0,TRUE,FALSE,TRUE,Graduate,Liberal Profession or Professional,Lawyer,Small Business or Self-employed,Self-employed,State Assembly Election (AE)
Tamil_Nadu,11,11,2016,5,4,0,29,GAJENDRAN P,M,IND,63,34,GEN,174015,254558,DR. RADHAKRISHNAN NAGAR,GEN,CHENNAI,CHENNAI CITY REGION,45,68.36,0.04,yes,0,0,2.38,AETN186991,Independents,10809,TRUE,1,,,,,,0,FALSE,FALSE,FALSE,5th Pass,Labourer or Daily Wage,Mechanic,,,State Assembly Election (AE)
Tamil_Nadu,11,11,2016,5,4,0,30,PRAVINA G,F,IND,63,43,SC,174015,254558,DR. RADHAKRISHNAN NAGAR,GEN,CHENNAI,CHENNAI CITY REGION,45,68.36,0.04,yes,2,0,2.38,AETN186992,Independents,10809,TRUE,1,,,,,,0,FALSE,FALSE,FALSE,Graduate Professional,Liberal Profession or Professional,Lawyer,,,State Assembly Election (AE)
Tamil_Nadu,11,11,2016,5,4,0,31,SWAMY A.K,M,IND,61,50,GEN,174015,254558,DR. RADHAKRISHNAN NAGAR,GEN,CHENNAI,CHENNAI CITY REGION,45,68.36,0.04,yes,4,0,2.38,AETN186993,Independents,10809,TRUE,1,,,,,,0,FALSE,FALSE,FALSE,,,,,,State Assembly Election (AE)
Tamil_Nadu,11,11,2016,5,4,0,32,JAGADISHWARAREDDY K,M,IND,57,54,GEN,174015,254558,DR. RADHAKRISHNAN NAGAR,GEN,CHENNAI,CHENNAI CITY REGION,45,68.36,0.03,yes,0,0,2.38,AETN186994,Independents,10809,TRUE,1,,,,,,0,FALSE,FALSE,FALSE,12th Pass,Social Work,,,,State Assembly Election (AE)
Tamil_Nadu,11,11,2016,5,4,0,33,DURAIVEL V,M,IND,57,43,SC,174015,254558,DR. RADHAKRISHNAN NAGAR,GEN,CHENNAI,CHENNAI CITY REGION,45,68.36,0.03,yes,2,0,2.38,AETN186995,Independents,10809,TRUE,2,IND,10809,DR. RADHAKRISHNAN NAGAR,FALSE,TRUE,0,FALSE,FALSE,TRUE,8th Pass,Labourer or Daily Wage,Coolie,,,State Assembly Election (AE)
Tamil_Nadu,11,11,2016,5,4,0,34,SUBASH BABU M,M,AUK,55,40,GEN,174015,254558,DR. RADHAKRISHNAN NAGAR,GEN,CHENNAI,CHENNAI CITY REGION,45,68.36,0.03,yes,3,0,2.38,AETN270668,Local Party,922,TRUE,3,AUK,922,DR. RADHAKRISHNAN NAGAR,FALSE,TRUE,0,FALSE,FALSE,TRUE,Post Graduate,Liberal Profession or Professional,Lawyer,,,State Assembly Election (AE)
Tamil_Nadu,11,11,2016,5,4,0,35,MURUGAN M.R.,M,JJ,52,36,GEN,174015,254558,DR. RADHAKRISHNAN NAGAR,GEN,CHENNAI,CHENNAI CITY REGION,45,68.36,0.03,yes,4,0,2.38,AETN186997,Local Party,11062,TRUE,1,,,,,,0,FALSE,FALSE,FALSE,5th Pass,Other,,,,State Assembly Election (AE)
Tamil_Nadu,11,11,2016,5,4,0,36,PRAKASH S,M,IND,48,37,GEN,174015,254558,DR. RADHAKRISHNAN NAGAR,GEN,CHENNAI,CHENNAI CITY REGION,45,68.36,0.03,yes,0,0,2.38,AETN186998,Independents,10809,TRUE,1,,,,,,0,FALSE,FALSE,FALSE,,,,,,State Assembly Election (AE)
Tamil_Nadu,11,11,2016,5,4,0,37,BASKARAN N,M,IND,48,39,SC,174015,254558,DR. RADHAKRISHNAN NAGAR,GEN,CHENNAI,CHENNAI CITY REGION,45,68.36,0.03,yes,6,0,2.38,AETN186999,Independents,10809,TRUE,1,,,,,,0,FALSE,FALSE,FALSE,Graduate Professional,Liberal Profession or Professional,Lawyer,,,State Assembly Election (AE)
Tamil_Nadu,11,11,2016,5,4,0,38,SURESHKUMAR S,M,MKAT,42,33,SC,174015,254558,DR. RADHAKRISHNAN NAGAR,GEN,CHENNAI,CHENNAI CITY REGION,45,68.36,0.02,yes,0,0,2.38,AETN187000,Local Party,5299,TRUE,1,,,,,,0,FALSE,FALSE,FALSE,Graduate,Liberal Profession or Professional,Lawyer,,,State Assembly Election (AE)
Tamil_Nadu,11,11,2016,5,4,0,39,SHANMUGANANDHAM M,M,VTIP,42,29,GEN,174015,254558,DR. RADHAKRISHNAN NAGAR,GEN,CHENNAI,CHENNAI CITY REGION,45,68.36,0.02,yes,5,0,2.38,AETN187001,Local Party,8487,TRUE,1,,,,,,0,FALSE,FALSE,FALSE,Post Graduate,Salaried Work or Employed,,,,State Assembly Election (AE)
Tamil_Nadu,11,11,2016,5,4,0,40,SEKAR S,M,IND,37,43,GEN,174015,254558,DR. RADHAKRISHNAN NAGAR,GEN,CHENNAI,CHENNAI CITY REGION,45,68.36,0.02,yes,2,0,2.38,AETN187002,Independents,10809,TRUE,1,,,,,,0,FALSE,FALSE,FALSE,,,,,,State Assembly Election (AE)
Tamil_Nadu,11,11,2016,5,4,0,41,THANGAVEL V,M,IND,35,42,GEN,174015,254558,DR. RADHAKRISHNAN NAGAR,GEN,CHENNAI,CHENNAI CITY REGION,45,68.36,0.02,yes,0,0,2.38,AETN187003,Independents,10809,TRUE,1,,,,,,0,FALSE,FALSE,FALSE,,,,,,State Assembly Election (AE)
Tamil_Nadu,11,11,2016,5,4,0,42,RAJU R.S,M,IND,35,47,GEN,174015,254558,DR. RADHAKRISHNAN NAGAR,GEN,CHENNAI,CHENNAI CITY REGION,45,68.36,0.02,yes,4,0,2.38,AETN187004,Independents,10809,TRUE,1,,,,,,0,FALSE,FALSE,FALSE,8th Pass,Business,,,,State Assembly Election (AE)
Tamil_Nadu,11,11,2016,5,4,0,43,BASKAR P,M,IND,31,34,GEN,174015,254558,DR. RADHAKRISHNAN NAGAR,GEN,CHENNAI,CHENNAI CITY REGION,45,68.36,0.02,yes,2,0,2.38,AETN187005,Independents,10809,TRUE,1,,,,,,0,FALSE,FALSE,FALSE,Graduate,Small Business or Self-employed,,,,State Assembly Election (AE)
Tamil_Nadu,11,11,2016,5,4,0,44,MEGAVANAN I,M,IND,29,30,GEN,174015,254558,DR. RADHAKRISHNAN NAGAR,GEN,CHENNAI,CHENNAI CITY REGION,45,68.36,0.02,yes,1,0,2.38,AETN187006,Independents,10809,TRUE,1,,,,,,0,FALSE,FALSE,FALSE,Graduate,Social Work,,,,State Assembly Election (AE)
Tamil_Nadu,11,11,2016,5,4,0,45,RAJ L,M,IND,28,41,GEN,174015,254558,DR. RADHAKRISHNAN NAGAR,GEN,CHENNAI,CHENNAI CITY REGION,45,68.36,0.02,yes,8,0,2.38,GETN269935,Independents,10809,TRUE,1,,,,,,0,FALSE,FALSE,FALSE,Graduate,Social Work,Activist,,,State Assembly Election (AE)
Tamil_Nadu,11,11,2016,5,4,0,46,RAMESH R,M,IND,20,28,GEN,174015,254558,DR. RADHAKRISHNAN NAGAR,GEN,CHENNAI,CHENNAI CITY REGION,45,68.36,0.01,yes,0,0,2.38,AETN187008,Independents,10809,TRUE,1,,,,,,0,FALSE,FALSE,FALSE,10th Pass,Labourer or Daily Wage,,,,State Assembly Election (AE)
Tamil_Nadu,11,12,2016,5,4,0,1,P VETRIVEL,M,ADMK,79974,55,GEN,188681,290522,PERAMBUR,GEN,CHENNAI,CHENNAI CITY REGION,33,64.95,42.39,no,519,0.28,2.78,AETN187009,State-based Party,930,FALSE,3,ADMK,930,DR.RADHAKRISHNAN NAGAR,FALSE,TRUE,2,FALSE,FALSE,FALSE,,,,,,State Assembly Election (AE)
Tamil_Nadu,11,12,2016,5,4,0,2,N R DHANAPALAN,M,DMK,79455,64,GEN,188681,290522,PERAMBUR,GEN,CHENNAI,CHENNAI CITY REGION,33,64.95,42.11,no,69174,36.66,2.78,AETN187010,State-based Party,10192,FALSE,2,DMK,10192,PERAMBUR,TRUE,TRUE,0,FALSE,FALSE,TRUE,Post Graduate,Business,,,,State Assembly Election (AE)
Tamil_Nadu,11,12,2016,5,4,0,3,A SOUNDARA RAJAN,M,CPM,10281,69,GEN,188681,290522,PERAMBUR,GEN,CHENNAI,CHENNAI CITY REGION,33,64.95,5.45,yes,5699,3.02,2.78,AETN187011,National Party,14635,FALSE,4,CPM,14635,PERAMBUR,TRUE,TRUE,1,FALSE,TRUE,TRUE,Graduate,Social Work,Activist,,,State Assembly Election (AE)
Tamil_Nadu,11,12,2016,5,4,0,4,PRAKASH R,M,BJP,4582,52,GEN,188681,290522,PERAMBUR,GEN,CHENNAI,CHENNAI CITY REGION,33,64.95,2.43,yes,897,0.48,2.78,AETN187012,National Party,1605,FALSE,1,,,,,,0,FALSE,FALSE,FALSE,10th Pass,Small Business or Self-employed,Self-employed,,,State Assembly Election (AE)
Tamil_Nadu,11,12,2016,5,4,0,5,M.VENKATESH PERUMAL,M,PMK,3685,47,GEN,188681,290522,PERAMBUR,GEN,CHENNAI,CHENNAI CITY REGION,33,64.95,1.95,yes,449,0.24,2.78,AETN187013,State-based Party,11891,FALSE,1,,,,,,0,FALSE,FALSE,FALSE,8th Pass,Business,Real Estate or Builder or Developer or Construction,Small Business or Self-employed,Self-employed,State Assembly Election (AE)
Tamil_Nadu,11,12,2016,5,4,0,6,S VETRI THAMIZHAN,M,NTK,3236,30,GEN,188681,290522,PERAMBUR,GEN,CHENNAI,CHENNAI CITY REGION,33,64.95,1.72,yes,69,0.04,2.78,AETN187014,,5533,FALSE,1,,,,,,0,FALSE,FALSE,FALSE,Post Graduate,Social Work,,,,State Assembly Election (AE)
Tamil_Nadu,11,12,2016,5,4,0,7,None of the Above,,NOTA,3167,,,188681,290522,PERAMBUR,GEN,CHENNAI,CHENNAI CITY REGION,33,64.95,1.68,,2780,1.47,2.78,,NOTA,5897,FALSE,,,,,,,,,,,,,,,,State Assembly Election (AE)
Tamil_Nadu,11,12,2016,5,4,0,8,S SURESH,M,YSP,387,30,GEN,188681,290522,PERAMBUR,GEN,CHENNAI,CHENNAI CITY REGION,33,64.95,0.21,yes,24,0.01,2.78,AETN187015,Local Party,13071,FALSE,1,,,,,,0,FALSE,FALSE,FALSE,,,,,,State Assembly Election (AE)
Tamil_Nadu,11,12,2016,5,4,0,9,N RAJ,M,BSP,363,43,SC,188681,290522,PERAMBUR,GEN,CHENNAI,CHENNAI CITY REGION,33,64.95,0.19,yes,44,0.02,2.78,AETN187016,State-based Party (Other State),16651,FALSE,1,,,,,,0,FALSE,FALSE,FALSE,5th Pass,Labourer or Daily Wage,Auto-rickshaw Driver,,,State Assembly Election (AE)
Tamil_Nadu,11,12,2016,5,4,0,10,J PRAVEEN KUMAR,M,IND,319,33,GEN,188681,290522,PERAMBUR,GEN,CHENNAI,CHENNAI CITY REGION,33,64.95,0.17,yes,15,0.01,2.78,AETN187017,Independents,10809,FALSE,1,,,,,,0,FALSE,FALSE,FALSE,Graduate,Business,,,,State Assembly Election (AE)
Tamil_Nadu,11,12,2016,5,4,0,11,R SARAVANA PERUMAL,M,IND,304,42,GEN,188681,290522,PERAMBUR,GEN,CHENNAI,CHENNAI CITY REGION,33,64.95,0.16,yes,55,0.03,2.78,AETN187018,Independents,10809,FALSE,1,,,,,,0,FALSE,FALSE,FALSE,Graduate,Liberal Profession or Professional,,Politics,Party Worker,State Assembly Election (AE)
Tamil_Nadu,11,12,2016,5,4,0,12,P SARAVANAN,M,IND,249,36,GEN,188681,290522,PERAMBUR,GEN,CHENNAI,CHENNAI CITY REGION,33,64.95,0.13,yes,1,0,2.78,AETN187019,Independents,10809,FALSE,1,,,,,,0,FALSE,FALSE,FALSE,Graduate Professional,Liberal Profession or Professional,Lawyer,,,State Assembly Election (AE)
Tamil_Nadu,11,12,2016,5,4,0,13,D SUNDARA RAMAN,M,IND,248,40,GEN,188681,290522,PERAMBUR,GEN,CHENNAI,CHENNAI CITY REGION,33,64.95,0.13,yes,18,0.01,2.78,AETN115312,Independents,10809,FALSE,1,,,,,,0,FALSE,FALSE,FALSE,Others,Business,,,,State Assembly Election (AE)
Tamil_Nadu,11,12,2016,5,4,0,14,S VENGADESAN,M,SHS,230,54,GEN,188681,290522,PERAMBUR,GEN,CHENNAI,CHENNAI CITY REGION,33,64.95,0.12,yes,15,0.01,2.78,AETN187021,State-based Party (Other State),18691,FALSE,1,,,,,,0,FALSE,FALSE,FALSE,5th Pass,Small Business or Self-employed,Self-employed,,,State Assembly Election (AE)
Tamil_Nadu,11,12,2016,5,4,0,15,L SUSITHRA,F,IND,215,40,GEN,188681,290522,PERAMBUR,GEN,CHENNAI,CHENNAI CITY REGION,33,64.95,0.11,yes,3,0,2.78,AETN187022,Independents,10809,FALSE,1,,,,,,0,FALSE,FALSE,FALSE,Post Graduate,Small Business or Self-employed,,,,State Assembly Election (AE)
Tamil_Nadu,11,12,2016,5,4,0,16,G KOTHANDAN,M,IND,212,61,GEN,188681,290522,PERAMBUR,GEN,CHENNAI,CHENNAI CITY REGION,33,64.95,0.11,yes,49,0.03,2.78,AETN187023,Independents,10809,FALSE,1,,,,,,0,FALSE,FALSE,FALSE,10th Pass,Retired or Pension,Retired or Pension,,,State Assembly Election (AE)
Tamil_Nadu,11,12,2016,5,4,0,17,R KARTHIKEYAN,M,IND,163,45,GEN,188681,290522,PERAMBUR,GEN,CHENNAI,CHENNAI CITY REGION,33,64.95,0.09,yes,2,0,2.78,AETN272302,Independents,10809,FALSE,1,,,,,,0,FALSE,FALSE,FALSE,10th Pass,Business,,,,State Assembly Election (AE)
Tamil_Nadu,11,12,2016,5,4,0,18,G.R.MOHAMMED YOUSUFF,M,IND,161,68,GEN,188681,290522,PERAMBUR,GEN,CHENNAI,CHENNAI CITY REGION,33,64.95,0.09,yes,3,0,2.78,AETN187025,Independents,10809,FALSE,1,,,,,,0,FALSE,FALSE,FALSE,5th Pass,Social Work,,,,State Assembly Election (AE)
Tamil_Nadu,11,12,2016,5,4,0,19,S MOHAN,M,IND,158,47,GEN,188681,290522,PERAMBUR,GEN,CHENNAI,CHENNAI CITY REGION,33,64.95,0.08,yes,0,0,2.78,AETN187026,Independents,10809,FALSE,1,,,,,,0,FALSE,FALSE,FALSE,10th Pass,Liberal Profession or Professional,Musician or Artist,,,State Assembly Election (AE)
Tamil_Nadu,11,12,2016,5,4,0,20,N VIJI,M,IND,158,42,SC,188681,290522,PERAMBUR,GEN,CHENNAI,CHENNAI CITY REGION,33,64.95,0.08,yes,37,0.02,2.78,AETN187027,Independents,10809,FALSE,1,,,,,,0,FALSE,FALSE,FALSE,12th Pass,Business,,,,State Assembly Election (AE)
Tamil_Nadu,11,12,2016,5,4,0,21,A SIVARAJALINGAM,M,IND,121,31,GEN,188681,290522,PERAMBUR,GEN,CHENNAI,CHENNAI CITY REGION,33,64.95,0.06,yes,3,0,2.78,AETN187028,Independents,10809,FALSE,1,,,,,,0,FALSE,FALSE,FALSE,10th Pass,Business,,,,State Assembly Election (AE)
Tamil_Nadu,11,12,2016,5,4,0,22,P RAJA,M,IND,118,43,GEN,188681,290522,PERAMBUR,GEN,CHENNAI,CHENNAI CITY REGION,33,64.95,0.06,yes,3,0,2.78,AETN187029,Independents,10809,FALSE,2,IND,10809,PERAMBUR,TRUE,TRUE,0,FALSE,FALSE,TRUE,10th Pass,Business,,,,State Assembly Election (AE)
Tamil_Nadu,11,12,2016,5,4,0,23,A MANIVANNAN,M,IND,115,41,SC,188681,290522,PERAMBUR,GEN,CHENNAI,CHENNAI CITY REGION,33,64.95,0.06,yes,15,0.01,2.78,AETN187030,Independents,10809,FALSE,1,,,,,,0,FALSE,FALSE,FALSE,Graduate Professional,Liberal Profession or Professional,Lawyer,,,State Assembly Election (AE)
Tamil_Nadu,11,12,2016,5,4,0,24,K. KAMARAJ,M,IND,100,39,GEN,188681,290522,PERAMBUR,GEN,CHENNAI,CHENNAI CITY REGION,33,64.95,0.05,yes,0,0,2.78,AETN187031,Independents,10809,FALSE,1,,,,,,0,FALSE,FALSE,FALSE,8th Pass,Small Business or Self-employed,Self-employed,,,State Assembly Election (AE)
Tamil_Nadu,11,12,2016,5,4,0,25,M MAHENDRAN,M,MKAT,100,42,SC,188681,290522,PERAMBUR,GEN,CHENNAI,CHENNAI CITY REGION,33,64.95,0.05,yes,17,0.01,2.78,AETN187032,Local Party,5299,FALSE,1,,,,,,0,FALSE,FALSE,FALSE,10th Pass,Business,,,,State Assembly Election (AE)
Tamil_Nadu,11,12,2016,5,4,0,26,V SUBRAMANI,M,IND,83,52,GEN,188681,290522,PERAMBUR,GEN,CHENNAI,CHENNAI CITY REGION,33,64.95,0.04,yes,3,0,2.78,AETN187033,Independents,10809,FALSE,1,,,,,,0,FALSE,FALSE,FALSE,5th Pass,Business,,,,State Assembly Election (AE)
Tamil_Nadu,11,12,2016,5,4,0,27,S JAYARAJ,M,IND,80,32,GEN,188681,290522,PERAMBUR,GEN,CHENNAI,CHENNAI CITY REGION,33,64.95,0.04,yes,5,0,2.78,AETN187034,Independents,10809,FALSE,1,,,,,,0,FALSE,FALSE,FALSE,10th Pass,Labourer or Daily Wage,,,,State Assembly Election (AE)
Tamil_Nadu,11,12,2016,5,4,0,28,B KUMARAN,M,IND,75,41,GEN,188681,290522,PERAMBUR,GEN,CHENNAI,CHENNAI CITY REGION,33,64.95,0.04,yes,3,0,2.78,AETN187035,Independents,10809,FALSE,1,,,,,,0,FALSE,FALSE,FALSE,Graduate Professional,Liberal Profession or Professional,Lawyer,,,State Assembly Election (AE)
Tamil_Nadu,11,12,2016,5,4,0,29,K.MALLIKA,F,AIWUP,72,56,GEN,188681,290522,PERAMBUR,GEN,CHENNAI,CHENNAI CITY REGION,33,64.95,0.04,yes,8,0,2.78,AETN187036,Local Party,796,FALSE,1,,,,,,0,FALSE,FALSE,FALSE,5th Pass,Other,,,,State Assembly Election (AE)
Tamil_Nadu,11,12,2016,5,4,0,30,S PARTHIBAN,M,IND,64,33,GEN,188681,290522,PERAMBUR,GEN,CHENNAI,CHENNAI CITY REGION,33,64.95,0.03,yes,9,0,2.78,AETN187037,Independents,10809,FALSE,1,,,,,,0,FALSE,FALSE,FALSE,5th Pass,Business,,,,State Assembly Election (AE)
Tamil_Nadu,11,12,2016,5,4,0,31,S NARENDRA KUMAR,M,IND,55,25,SC,188681,290522,PERAMBUR,GEN,CHENNAI,CHENNAI CITY REGION,33,64.95,0.03,yes,1,0,2.78,AETN187038,Independents,10809,FALSE,1,,,,,,0,FALSE,FALSE,FALSE,Graduate,Business,,Agriculture,,State Assembly Election (AE)
Tamil_Nadu,11,12,2016,5,4,0,32,K VASANTHA KUMARI,F,LJP,54,47,GEN,188681,290522,PERAMBUR,GEN,CHENNAI,CHENNAI CITY REGION,33,64.95,0.03,yes,3,0,2.78,AETN187039,State-based Party (Other State),5029,FALSE,1,,,,,,0,FALSE,FALSE,FALSE,10th Pass,Business,Real Estate or Builder or Developer or Construction,,,State Assembly Election (AE)
Tamil_Nadu,11,12,2016,5,4,0,33,R MANIKANDAN,M,IND,51,37,GEN,188681,290522,PERAMBUR,GEN,CHENNAI,CHENNAI CITY REGION,33,64.95,0.03,yes,5,0,2.78,AETN187040,Independents,10809,FALSE,1,,,,,,0,FALSE,FALSE,FALSE,Others,Labourer or Daily Wage,,,,State Assembly Election (AE)
Tamil_Nadu,11,12,2016,5,4,0,34,P NARAYANASAMI,M,IND,46,44,GEN,188681,290522,PERAMBUR,GEN,CHENNAI,CHENNAI CITY REGION,33,64.95,0.02,yes,0,0,2.78,AETN187041,Independents,10809,FALSE,1,,,,,,0,FALSE,FALSE,FALSE,,,,,,State Assembly Election (AE)
Tamil_Nadu,11,13,2016,5,4,0,1,STALIN.M.K,M,DMK,91303,63,GEN,168308,259843,KOLATHUR,GEN,CHENNAI,CHENNAI CITY REGION,24,64.77,54.25,no,37730,22.42,2.56,AETN202458,State-based Party,10192,TRUE,8,DMK,10192,KOLATHUR,TRUE,TRUE,6,FALSE,TRUE,TRUE,Graduate,Politics,,,,State Assembly Election (AE)
Tamil_Nadu,11,13,2016,5,4,0,2,PRABHAKAR.J.C.D,M,ADMK,53573,64,GEN,168308,259843,KOLATHUR,GEN,CHENNAI,CHENNAI CITY REGION,24,64.77,31.83,no,47297,28.1,2.56,AETN187043,State-based Party,930,TRUE,3,ADMK,930,VILLIVAKKAM,FALSE,TRUE,1,FALSE,TRUE,TRUE,,,,,,State Assembly Election (AE)
Tamil_Nadu,11,13,2016,5,4,0,3,MATHIVANAN.P,M,DMDK,6276,33,GEN,168308,259843,KOLATHUR,GEN,CHENNAI,CHENNAI CITY REGION,24,64.77,3.73,yes,987,0.59,2.56,AETN187044,State-based Party,2956,TRUE,1,,,,,,0,FALSE,FALSE,FALSE,Graduate Professional,Business,Real Estate or Builder or Developer or Construction,,,State Assembly Election (AE)
Tamil_Nadu,11,13,2016,5,4,0,4,RAGHAVAN.K.T,M,BJP,5289,45,GEN,168308,259843,KOLATHUR,GEN,CHENNAI,CHENNAI CITY REGION,24,64.77,3.14,yes,1735,1.03,2.56,AETN191071,National Party,1605,TRUE,3,BJP,1605,CHENGALPATTU,FALSE,TRUE,0,FALSE,FALSE,TRUE,Graduate Professional,Liberal Profession or Professional,Lawyer,,,State Assembly Election (AE)
Tamil_Nadu,11,13,2016,5,4,0,5,None of the Above,,NOTA,3554,,,168308,259843,KOLATHUR,GEN,CHENNAI,CHENNAI CITY REGION,24,64.77,2.11,,532,0.32,2.56,,NOTA,5897,TRUE,,,,,,,,,,,,,,,,State Assembly Election (AE)
Tamil_Nadu,11,13,2016,5,4,0,6,GOPAL.S,M,PMK,3022,46,GEN,168308,259843,KOLATHUR,GEN,CHENNAI,CHENNAI CITY REGION,24,64.77,1.8,yes,195,0.12,2.56,AETN187046,State-based Party,11891,TRUE,1,,,,,,0,FALSE,FALSE,FALSE,10th Pass,Business,Real Estate or Builder or Developer or Construction,,,State Assembly Election (AE)
Tamil_Nadu,11,13,2016,5,4,0,7,XAVIER FELIX.S,M,NTK,2827,56,GEN,168308,259843,KOLATHUR,GEN,CHENNAI,CHENNAI CITY REGION,24,64.77,1.68,yes,2302,1.37,2.56,AETN187047,,5533,TRUE,1,,,,,,0,FALSE,FALSE,FALSE,Graduate Professional,Liberal Profession or Professional,Lawyer,,,State Assembly Election (AE)
Tamil_Nadu,11,13,2016,5,4,0,8,SHAJINI.M,F,IND,525,26,SC,168308,259843,KOLATHUR,GEN,CHENNAI,CHENNAI CITY REGION,24,64.77,0.31,yes,87,0.05,2.56,AETN187048,Independents,10809,TRUE,1,,,,,,0,FALSE,FALSE,FALSE,,,,,,State Assembly Election (AE)
Tamil_Nadu,11,13,2016,5,4,0,9,VELAN.C,M,BSP,438,40,SC,168308,259843,KOLATHUR,GEN,CHENNAI,CHENNAI CITY REGION,24,64.77,0.26,yes,182,0.11,2.56,AETN187049,State-based Party (Other State),16651,TRUE,1,,,,,,0,FALSE,FALSE,FALSE,8th Pass,Business,,,,State Assembly Election (AE)
Tamil_Nadu,11,13,2016,5,4,0,10,ASHOK KUMAR.S,M,VTIP,256,37,SC,168308,259843,KOLATHUR,GEN,CHENNAI,CHENNAI CITY REGION,24,64.77,0.15,yes,54,0.03,2.56,AETN190760,Local Party,8487,TRUE,2,LSP,5107,KOLATHUR,TRUE,FALSE,0,TRUE,FALSE,TRUE,Graduate,Liberal Profession or Professional,Consultant,,,State Assembly Election (AE)
Tamil_Nadu,11,13,2016,5,4,0,11,SIVASHANKAR.R,M,IND,202,34,GEN,168308,259843,KOLATHUR,GEN,CHENNAI,CHENNAI CITY REGION,24,64.77,0.12,yes,1,0,2.56,AETN187051,Independents,10809,TRUE,1,,,,,,0,FALSE,FALSE,FALSE,,,,,,State Assembly Election (AE)
Tamil_Nadu,11,13,2016,5,4,0,12,SEETHA MALLAR,F,IND,201,43,SC,168308,259843,KOLATHUR,GEN,CHENNAI,CHENNAI CITY REGION,24,64.77,0.12,yes,74,0.04,2.56,GETN9651,Independents,10809,TRUE,1,,,,,,0,FALSE,FALSE,FALSE,12th Pass,Labourer or Daily Wage,,,,State Assembly Election (AE)
Tamil_Nadu,11,13,2016,5,4,0,13,PRAKASH.M,M,IND,127,42,GEN,168308,259843,KOLATHUR,GEN,CHENNAI,CHENNAI CITY REGION,24,64.77,0.08,yes,15,0.01,2.56,AETN187053,Independents,10809,TRUE,1,,,,,,0,FALSE,FALSE,FALSE,,,,,,State Assembly Election (AE)
Tamil_Nadu,11,13,2016,5,4,0,14,SATHYANARAYANAN.G,M,YSP,112,33,GEN,168308,259843,KOLATHUR,GEN,CHENNAI,CHENNAI CITY REGION,24,64.77,0.07,yes,29,0.02,2.56,AETN187054,Local Party,13071,TRUE,1,,,,,,0,FALSE,FALSE,FALSE,,,,,,State Assembly Election (AE)
Tamil_Nadu,11,13,2016,5,4,0,15,STALINKUMAR.A,M,IND,83,38,SC,168308,259843,KOLATHUR,GEN,CHENNAI,CHENNAI CITY REGION,24,64.77,0.05,yes,18,0.01,2.56,AETN187055,Independents,10809,TRUE,1,,,,,,0,FALSE,FALSE,FALSE,,,,,,State Assembly Election (AE)
Tamil_Nadu,11,13,2016,5,4,0,16,VIJAYAKUMARI.V,F,RPI(A),65,40,GEN,168308,259843,KOLATHUR,GEN,CHENNAI,CHENNAI CITY REGION,24,64.77,0.04,yes,3,0,2.56,AETN187056,Local Party,12285,TRUE,1,,,,,,0,FALSE,FALSE,FALSE,Graduate,Other,Household,,,State Assembly Election (AE)
Tamil_Nadu,11,13,2016,5,4,0,17,ARAVIND.A,M,IND,62,28,SC,168308,259843,KOLATHUR,GEN,CHENNAI,CHENNAI CITY REGION,24,64.77,0.04,yes,2,0,2.56,AETN187057,Independents,10809,TRUE,1,,,,,,0,FALSE,FALSE,FALSE,,,,,,State Assembly Election (AE)
Tamil_Nadu,11,13,2016,5,4,0,18,VASANTHA KUMAR.M,M,VBMP,60,37,GEN,168308,259843,KOLATHUR,GEN,CHENNAI,CHENNAI CITY REGION,24,64.77,0.04,yes,0,0,2.56,AETN190724,Local Party,8492,TRUE,2,IND,10809,DR. RADHAKRISHNAN NAGAR,FALSE,FALSE,0,FALSE,FALSE,TRUE,,,,,,State Assembly Election (AE)
Tamil_Nadu,11,13,2016,5,4,0,19,MOHANRAJ.J,M,JJ,60,64,GEN,168308,259843,KOLATHUR,GEN,CHENNAI,CHENNAI CITY REGION,24,64.77,0.04,yes,1,0,2.56,AETN190722,Local Party,11062,TRUE,4,JJ,11062,DR. RADHAKRISHNAN NAGAR,FALSE,TRUE,0,FALSE,FALSE,TRUE,,,,,,State Assembly Election (AE)
Tamil_Nadu,11,13,2016,5,4,0,20,RAGAVANAYAGAM.G,M,IND,59,42,SC,168308,259843,KOLATHUR,GEN,CHENNAI,CHENNAI CITY REGION,24,64.77,0.04,yes,8,0,2.56,AETN187060,Independents,10809,TRUE,1,,,,,,0,FALSE,FALSE,FALSE,,,,,,State Assembly Election (AE)
Tamil_Nadu,11,13,2016,5,4,0,21,KARTHICK.S,M,IND,51,27,GEN,168308,259843,KOLATHUR,GEN,CHENNAI,CHENNAI CITY REGION,24,64.77,0.03,yes,3,0,2.56,AETN187061,Independents,10809,TRUE,1,,,,,,0,FALSE,FALSE,FALSE,,,,,,State Assembly Election (AE)
Tamil_Nadu,11,13,2016,5,4,0,22,CHARAVANAN.M.P,M,IND,48,55,GEN,168308,259843,KOLATHUR,GEN,CHENNAI,CHENNAI CITY REGION,24,64.77,0.03,yes,6,0,2.56,AETN190770,Independents,10809,TRUE,2,IND,10809,KOLATHUR,TRUE,TRUE,0,FALSE,FALSE,TRUE,,,,,,State Assembly Election (AE)
Tamil_Nadu,11,13,2016,5,4,0,23,MURALI VINODH.M,M,IND,42,33,SC,168308,259843,KOLATHUR,GEN,CHENNAI,CHENNAI CITY REGION,24,64.77,0.02,yes,5,0,2.56,AETN190779,Independents,10809,TRUE,2,IND,10809,KOLATHUR,TRUE,TRUE,0,FALSE,FALSE,TRUE,,,,,,State Assembly Election (AE)
Tamil_Nadu,11,13,2016,5,4,0,24,DEVAKUMARAN.A,M,IND,37,34,GEN,168308,259843,KOLATHUR,GEN,CHENNAI,CHENNAI CITY REGION,24,64.77,0.02,yes,1,0,2.56,AETN187064,Independents,10809,TRUE,1,,,,,,0,FALSE,FALSE,FALSE,,,,,,State Assembly Election (AE)
Tamil_Nadu,11,13,2016,5,4,0,25,SUBBIAH.J,M,IND,36,43,GEN,168308,259843,KOLATHUR,GEN,CHENNAI,CHENNAI CITY REGION,24,64.77,0.02,yes,0,0,2.56,AETN187065,Independents,10809,TRUE,1,,,,,,0,FALSE,FALSE,FALSE,,,,,,State Assembly Election (AE)
Tamil_Nadu,11,14,2016,5,4,0,1,B. RANGANATHAN,M,DMK,65972,65,GEN,150084,250657,VILLIVAKKAM,GEN,CHENNAI,CHENNAI CITY REGION,17,59.88,43.96,no,9321,6.21,3.03,AETN187066,State-based Party,10192,TRUE,6,DMK,10192,AMBATTUR,FALSE,TRUE,4,FALSE,FALSE,TRUE,Graduate,Business,,,,State Assembly Election (AE)
Tamil_Nadu,11,14,2016,5,4,0,2,THADI M.RAJU,M,ADMK,56651,68,GEN,150084,250657,VILLIVAKKAM,GEN,CHENNAI,CHENNAI CITY REGION,17,59.88,37.75,no,48417,32.26,3.03,AETN187067,State-based Party,930,TRUE,1,,,,,,0,FALSE,FALSE,FALSE,,,,,,State Assembly Election (AE)
Tamil_Nadu,11,14,2016,5,4,0,3,T.PANDIYAN,M,DMDK,8234,40,GEN,150084,250657,VILLIVAKKAM,GEN,CHENNAI,CHENNAI CITY REGION,17,59.88,5.49,yes,1796,1.2,3.03,AETN187068,State-based Party,2956,TRUE,1,,,,,,0,FALSE,FALSE,FALSE,10th Pass,Business,Real Estate or Builder or Developer or Construction,,,State Assembly Election (AE)
Tamil_Nadu,11,14,2016,5,4,0,4,M.JAISHANKAR,M,BJP,6438,43,GEN,150084,250657,VILLIVAKKAM,GEN,CHENNAI,CHENNAI CITY REGION,17,59.88,4.29,yes,2245,1.5,3.03,AETN190837,National Party,1605,TRUE,2,BJP,1605,HARBOUR,FALSE,TRUE,0,FALSE,FALSE,TRUE,Post Graduate,Business,,,,State Assembly Election (AE)
Tamil_Nadu,11,14,2016,5,4,0,5,G.V.SUBRAMANIYAN,M,PMK,4193,40,GEN,150084,250657,VILLIVAKKAM,GEN,CHENNAI,CHENNAI CITY REGION,17,59.88,2.79,yes,784,0.52,3.03,AETN187070,State-based Party,11891,TRUE,1,,,,,,0,FALSE,FALSE,FALSE,Graduate,Salaried Work or Employed,,Politics,Party Worker,State Assembly Election (AE)
Tamil_Nadu,11,14,2016,5,4,0,6,None of the Above,,NOTA,3409,,,150084,250657,VILLIVAKKAM,GEN,CHENNAI,CHENNAI CITY REGION,17,59.88,2.27,,407,0.27,3.03,,NOTA,5897,TRUE,,,,,,,,,,,,,,,,State Assembly Election (AE)
Tamil_Nadu,11,14,2016,5,4,0,7,A.VAGAI VENTHAN,M,NTK,3002,36,GEN,150084,250657,VILLIVAKKAM,GEN,CHENNAI,CHENNAI CITY REGION,17,59.88,2,yes,2050,1.37,3.03,AETN187071,,5533,TRUE,1,,,,,,0,FALSE,FALSE,FALSE,Post Graduate,Small Business or Self-employed,Self-employed,,,State Assembly Election (AE)
Tamil_Nadu,11,14,2016,5,4,0,8,K.M.SUCHARITHA,F,YSP,952,37,GEN,150084,250657,VILLIVAKKAM,GEN,CHENNAI,CHENNAI CITY REGION,17,59.88,0.63,yes,583,0.39,3.03,AETN187072,Local Party,13071,TRUE,1,,,,,,0,FALSE,FALSE,FALSE,,,,,,State Assembly Election (AE)
Tamil_Nadu,11,14,2016,5,4,0,9,A.PALANIVEL,M,BSP,369,43,GEN,150084,250657,VILLIVAKKAM,GEN,CHENNAI,CHENNAI CITY REGION,17,59.88,0.25,yes,125,0.08,3.03,AETN187073,State-based Party (Other State),16651,TRUE,1,,,,,,0,FALSE,FALSE,FALSE,Literate,Business,Real Estate or Builder or Developer or Construction,,,State Assembly Election (AE)
Tamil_Nadu,11,14,2016,5,4,0,10,S.RANJITHKUMAR,M,IND,244,27,GEN,150084,250657,VILLIVAKKAM,GEN,CHENNAI,CHENNAI CITY REGION,17,59.88,0.16,yes,131,0.09,3.03,AETN187074,Independents,10809,TRUE,1,,,,,,0,FALSE,FALSE,FALSE,,Other,,,,State Assembly Election (AE)
Tamil_Nadu,11,14,2016,5,4,0,11,J JAGADESH,M,VTK,113,36,GEN,150084,250657,VILLIVAKKAM,GEN,CHENNAI,CHENNAI CITY REGION,17,59.88,0.08,yes,2,0,3.03,AETN187075,Local Party,8467,TRUE,1,,,,,,0,FALSE,FALSE,FALSE,,,,,,State Assembly Election (AE)
Tamil_Nadu,11,14,2016,5,4,0,12,B.MOHAMED IQBAL BASHA,M,IND,111,26,GEN,150084,250657,VILLIVAKKAM,GEN,CHENNAI,CHENNAI CITY REGION,17,59.88,0.07,yes,20,0.01,3.03,AETN187076,Independents,10809,TRUE,1,,,,,,0,FALSE,FALSE,FALSE,Others,Business,,,,State Assembly Election (AE)
Tamil_Nadu,11,14,2016,5,4,0,13,VILLIVAKKAM G.ASHOK KUMAR,M,IND,91,36,GEN,150084,250657,VILLIVAKKAM,GEN,CHENNAI,CHENNAI CITY REGION,17,59.88,0.06,yes,11,0.01,3.03,AETN187077,Independents,10809,TRUE,1,,,,,,0,FALSE,FALSE,FALSE,,,,,,State Assembly Election (AE)
Tamil_Nadu,11,14,2016,5,4,0,14,R.K.RAVICHANDRAN,M,IND,80,52,GEN,150084,250657,VILLIVAKKAM,GEN,CHENNAI,CHENNAI CITY REGION,17,59.88,0.05,yes,9,0.01,3.03,AETN187078,Independents,10809,TRUE,1,,,,,,0,FALSE,FALSE,FALSE,,Other,,,,State Assembly Election (AE)
Tamil_Nadu,11,14,2016,5,4,0,15,M.GUNASEKARAN,M,IND,71,54,GEN,150084,250657,VILLIVAKKAM,GEN,CHENNAI,CHENNAI CITY REGION,17,59.88,0.05,yes,5,0,3.03,AETN271964,Independents,10809,TRUE,1,,,,,,0,FALSE,FALSE,FALSE,Graduate Professional,Liberal Profession or Professional,Lawyer,,,State Assembly Election (AE)
Tamil_Nadu,11,14,2016,5,4,0,16,C.PANDIYAN,M,IND,66,30,GEN,150084,250657,VILLIVAKKAM,GEN,CHENNAI,CHENNAI CITY REGION,17,59.88,0.04,yes,14,0.01,3.03,AETN187080,Independents,10809,TRUE,1,,,,,,0,FALSE,FALSE,FALSE,Graduate Professional,Liberal Profession or Professional,Lawyer,,,State Assembly Election (AE)
Tamil_Nadu,11,14,2016,5,4,0,17,S.KANDASAMY,M,IND,52,51,GEN,150084,250657,VILLIVAKKAM,GEN,CHENNAI,CHENNAI CITY REGION,17,59.88,0.03,yes,16,0.01,3.03,AETN187081,Independents,10809,TRUE,1,,,,,,0,FALSE,FALSE,FALSE,10th Pass,Other,,,,State Assembly Election (AE)
Tamil_Nadu,11,14,2016,5,4,0,18,D.ELAVARASAN,M,IND,36,43,GEN,150084,250657,VILLIVAKKAM,GEN,CHENNAI,CHENNAI CITY REGION,17,59.88,0.02,yes,0,0,3.03,AETN187082,Independents,10809,TRUE,1,,,,,,0,FALSE,FALSE,FALSE,,Other,,,,State Assembly Election (AE)
Tamil_Nadu,11,15,2016,5,4,0,1,SIVAKUMAR P @ THAYAGAM KAVI,M,DMK,61744,51,SC,136450,214976,THIRU-VI-KA-NAGAR,SC,CHENNAI,CHENNAI CITY REGION,22,63.47,45.25,no,3322,2.43,2.63,AETN187083,State-based Party,10192,TRUE,1,,,,,,1,FALSE,FALSE,FALSE,Post Graduate,Liberal Profession or Professional,Lawyer,,,State Assembly Election (AE)
Tamil_Nadu,11,15,2016,5,4,0,2,NEELAKANDAN V,M,ADMK,58422,68,SC,136450,214976,THIRU-VI-KA-NAGAR,SC,CHENNAI,CHENNAI CITY REGION,22,63.47,42.82,no,52720,38.64,2.63,AETN272340,State-based Party,930,TRUE,2,ADMK,930,THIRU-VI-KA-NAGAR,TRUE,TRUE,1,FALSE,TRUE,TRUE,,,,,,State Assembly Election (AE)
Tamil_Nadu,11,15,2016,5,4,0,3,SUGANTHI,F,CPM,5702,48,SC,136450,214976,THIRU-VI-KA-NAGAR,SC,CHENNAI,CHENNAI CITY REGION,22,63.47,4.18,yes,3017,2.21,2.63,AETN187085,National Party,14635,TRUE,1,,,,,,0,FALSE,FALSE,FALSE,Post Graduate,Social Work,,,,State Assembly Election (AE)
Tamil_Nadu,11,15,2016,5,4,0,4,None of the Above,,NOTA,2685,,,136450,214976,THIRU-VI-KA-NAGAR,SC,CHENNAI,CHENNAI CITY REGION,22,63.47,1.97,,629,0.46,2.63,,NOTA,5897,TRUE,,,,,,,,,,,,,,,,State Assembly Election (AE)
Tamil_Nadu,11,15,2016,5,4,0,5,VANITHAMANI D,F,PMK,2056,49,SC,136450,214976,THIRU-VI-KA-NAGAR,SC,CHENNAI,CHENNAI CITY REGION,22,63.47,1.51,yes,225,0.16,2.63,AETN187086,State-based Party,11891,TRUE,1,,,,,,0,FALSE,FALSE,FALSE,Graduate Professional,Liberal Profession or Professional,Lawyer,,,State Assembly Election (AE)
Tamil_Nadu,11,15,2016,5,4,0,6,GOWRI,F,NTK,1831,45,SC,136450,214976,THIRU-VI-KA-NAGAR,SC,CHENNAI,CHENNAI CITY REGION,22,63.47,1.34,yes,906,0.66,2.63,AETN187087,,5533,TRUE,1,,,,,,0,FALSE,FALSE,FALSE,12th Pass,Other,,,,State Assembly Election (AE)
Tamil_Nadu,11,15,2016,5,4,0,7,PUSHPARAJ,M,SDPI,925,25,SC,136450,214976,THIRU-VI-KA-NAGAR,SC,CHENNAI,CHENNAI CITY REGION,22,63.47,0.68,yes,443,0.32,2.63,AETN187088,Local Party,7985,TRUE,1,,,,,,0,FALSE,FALSE,FALSE,8th Pass,Small Business or Self-employed,,,,State Assembly Election (AE)
Tamil_Nadu,11,15,2016,5,4,0,8,CHANDRASEKAR,M,IJK,482,36,SC,136450,214976,THIRU-VI-KA-NAGAR,SC,CHENNAI,CHENNAI CITY REGION,22,63.47,0.35,yes,14,0.01,2.63,AETN187089,Local Party,3969,TRUE,1,,,,,,0,FALSE,FALSE,FALSE,Graduate Professional,Liberal Profession or Professional,Lawyer,,,State Assembly Election (AE)
Tamil_Nadu,11,15,2016,5,4,0,9,SATHISH S,M,BSP,468,35,SC,136450,214976,THIRU-VI-KA-NAGAR,SC,CHENNAI,CHENNAI CITY REGION,22,63.47,0.34,yes,140,0.1,2.63,AETN187090,State-based Party (Other State),16651,TRUE,1,,,,,,0,FALSE,FALSE,FALSE,,,,,,State Assembly Election (AE)
Tamil_Nadu,11,15,2016,5,4,0,10,NEELAKANDAN G,M,IND,328,35,SC,136450,214976,THIRU-VI-KA-NAGAR,SC,CHENNAI,CHENNAI CITY REGION,22,63.47,0.24,yes,104,0.08,2.63,AETN187091,Independents,10809,TRUE,1,,,,,,0,FALSE,FALSE,FALSE,,,,,,State Assembly Election (AE)
Tamil_Nadu,11,15,2016,5,4,0,11,KARUNANIDHI K,M,IND,224,62,SC,136450,214976,THIRU-VI-KA-NAGAR,SC,CHENNAI,CHENNAI CITY REGION,22,63.47,0.16,yes,23,0.02,2.63,AETN187092,Independents,10809,TRUE,1,,,,,,0,FALSE,FALSE,FALSE,,,,,,State Assembly Election (AE)
Tamil_Nadu,11,15,2016,5,4,0,12,YUVARAJ V,M,SHS,201,29,SC,136450,214976,THIRU-VI-KA-NAGAR,SC,CHENNAI,CHENNAI CITY REGION,22,63.47,0.15,yes,30,0.02,2.63,AETN270922,State-based Party (Other State),18691,TRUE,1,,,,,,0,FALSE,FALSE,FALSE,Graduate,Business,Private Company,,,State Assembly Election (AE)
Tamil_Nadu,11,15,2016,5,4,0,13,SHEELA BASKARAN,F,IND,171,52,SC,136450,214976,THIRU-VI-KA-NAGAR,SC,CHENNAI,CHENNAI CITY REGION,22,63.47,0.13,yes,6,0,2.63,AETN190801,Independents,10809,TRUE,2,IND,10809,THIRU-VI-KA-NAGAR,TRUE,TRUE,0,FALSE,FALSE,TRUE,8th Pass,Business,Private Company,,,State Assembly Election (AE)
Tamil_Nadu,11,15,2016,5,4,0,14,NAGESHRAO R,M,RPI(A),165,46,SC,136450,214976,THIRU-VI-KA-NAGAR,SC,CHENNAI,CHENNAI CITY REGION,22,63.47,0.12,yes,8,0.01,2.63,AETN187095,Local Party,12285,TRUE,1,,,,,,0,FALSE,FALSE,FALSE,Illiterate,Small Business or Self-employed,Self-employed,,,State Assembly Election (AE)
Tamil_Nadu,11,15,2016,5,4,0,15,PRABHAKARAN K,M,MKAT,157,33,SC,136450,214976,THIRU-VI-KA-NAGAR,SC,CHENNAI,CHENNAI CITY REGION,22,63.47,0.12,yes,13,0.01,2.63,GETN272348,Local Party,5299,TRUE,2,IND,10809,THIRU-VI-KA-NAGAR,TRUE,FALSE,0,FALSE,FALSE,TRUE,Post Graduate,Liberal Profession or Professional,Lawyer,,,State Assembly Election (AE)
Tamil_Nadu,11,15,2016,5,4,0,16,PUVINTHAN S,M,IND,144,32,SC,136450,214976,THIRU-VI-KA-NAGAR,SC,CHENNAI,CHENNAI CITY REGION,22,63.47,0.11,yes,9,0.01,2.63,AETN187097,Independents,10809,TRUE,1,,,,,,0,FALSE,FALSE,FALSE,,,,,,State Assembly Election (AE)
Tamil_Nadu,11,15,2016,5,4,0,17,SURESH BABU S,M,IND,135,31,SC,136450,214976,THIRU-VI-KA-NAGAR,SC,CHENNAI,CHENNAI CITY REGION,22,63.47,0.1,yes,1,0,2.63,AETN187098,Independents,10809,TRUE,1,,,,,,0,FALSE,FALSE,FALSE,,,,,,State Assembly Election (AE)
Tamil_Nadu,11,15,2016,5,4,0,18,VASANTHAKUMAR M,M,IND,134,29,SC,136450,214976,THIRU-VI-KA-NAGAR,SC,CHENNAI,CHENNAI CITY REGION,22,63.47,0.1,yes,7,0.01,2.63,AETN187099,Independents,10809,TRUE,1,,,,,,0,FALSE,FALSE,FALSE,,,,,,State Assembly Election (AE)
Tamil_Nadu,11,15,2016,5,4,0,19,VENUGOPAL S,M,IND,127,28,SC,136450,214976,THIRU-VI-KA-NAGAR,SC,CHENNAI,CHENNAI CITY REGION,22,63.47,0.09,yes,17,0.01,2.63,AETN187100,Independents,10809,TRUE,1,,,,,,0,FALSE,FALSE,FALSE,12th Pass,Small Business or Self-employed,Self-employed,,,State Assembly Election (AE)
Tamil_Nadu,11,15,2016,5,4,0,20,SULOCHANA S,F,YSP,110,36,SC,136450,214976,THIRU-VI-KA-NAGAR,SC,CHENNAI,CHENNAI CITY REGION,22,63.47,0.08,yes,14,0.01,2.63,AETN187101,Local Party,13071,TRUE,1,,,,,,0,FALSE,FALSE,FALSE,,,,,,State Assembly Election (AE)
Tamil_Nadu,11,15,2016,5,4,0,21,SUNDAR,M,IND,96,37,SC,136450,214976,THIRU-VI-KA-NAGAR,SC,CHENNAI,CHENNAI CITY REGION,22,63.47,0.07,yes,5,0,2.63,AETN187102,Independents,10809,TRUE,1,,,,,,0,FALSE,FALSE,FALSE,,,,,,State Assembly Election (AE)
Tamil_Nadu,11,15,2016,5,4,0,22,KOLANJI,M,IND,91,46,SC,136450,214976,THIRU-VI-KA-NAGAR,SC,CHENNAI,CHENNAI CITY REGION,22,63.47,0.07,yes,39,0.03,2.63,AETN187103,Independents,10809,TRUE,1,,,,,,0,FALSE,FALSE,FALSE,Literate,Labourer or Daily Wage,Auto-rickshaw Driver,,,State Assembly Election (AE)
Tamil_Nadu,11,15,2016,5,4,0,23,MOORHI G,M,IND,52,64,SC,136450,214976,THIRU-VI-KA-NAGAR,SC,CHENNAI,CHENNAI CITY REGION,22,63.47,0.04,yes,0,0,2.63,AETN187104,Independents,10809,TRUE,1,,,,,,0,FALSE,FALSE,FALSE,8th Pass,Small Business or Self-employed,Shop Keeper,,,State Assembly Election (AE)
Tamil_Nadu,11,16,2016,5,4,0,1,RAVICHANDRAN K.S,M,DMK,55060,45,SC,120635,191494,EGMORE,SC,CHENNAI,CHENNAI CITY REGION,21,63,45.64,no,10679,8.85,2.86,AETN187105,State-based Party,10192,TRUE,1,,,,,,1,FALSE,FALSE,FALSE,Graduate Professional,Liberal Profession or Professional,Lawyer,,,State Assembly Election (AE)
Tamil_Nadu,11,16,2016,5,4,0,2,PARITHI ELLAMVAZHUTHI E,M,ADMK,44381,56,SC,120635,191494,EGMORE,SC,CHENNAI,CHENNAI CITY REGION,21,63,36.79,no,37222,30.86,2.86,AETN204897,State-based Party,930,TRUE,8,DMK,10192,EGMORE,TRUE,FALSE,6,TRUE,FALSE,TRUE,,,,,,State Assembly Election (AE)
Tamil_Nadu,11,16,2016,5,4,0,3,VENKATESAN M,M,BJP,7159,36,SC,120635,191494,EGMORE,SC,CHENNAI,CHENNAI CITY REGION,21,63,5.93,yes,838,0.69,2.86,AETN272599,National Party,1605,TRUE,1,,,,,,0,FALSE,FALSE,FALSE,Post Graduate,Business,,,,State Assembly Election (AE)
Tamil_Nadu,11,16,2016,5,4,0,4,PRABHU T,M,DMDK,6321,35,SC,120635,191494,EGMORE,SC,CHENNAI,CHENNAI CITY REGION,21,63,5.24,yes,3481,2.89,2.86,AETN187108,State-based Party,2956,TRUE,1,,,,,,0,FALSE,FALSE,FALSE,10th Pass,Business,,,,State Assembly Election (AE)
Tamil_Nadu,11,16,2016,5,4,0,5,None of the Above,,NOTA,2840,,,120635,191494,EGMORE,SC,CHENNAI,CHENNAI CITY REGION,21,63,2.35,,1026,0.85,2.86,,NOTA,5897,TRUE,,,,,,,,,,,,,,,,State Assembly Election (AE)
Tamil_Nadu,11,16,2016,5,4,0,6,RAJENDRAN A,M,PMK,1814,40,SC,120635,191494,EGMORE,SC,CHENNAI,CHENNAI CITY REGION,21,63,1.5,yes,364,0.3,2.86,AETN187109,State-based Party,11891,TRUE,1,,,,,,0,FALSE,FALSE,FALSE,12th Pass,Business,Contractor,,,State Assembly Election (AE)
Tamil_Nadu,11,16,2016,5,4,0,7,JAYALAKSHMI I,F,NTK,1450,28,SC,120635,191494,EGMORE,SC,CHENNAI,CHENNAI CITY REGION,21,63,1.2,yes,1195,0.99,2.86,AETN187110,,5533,TRUE,1,,,,,,0,FALSE,FALSE,FALSE,Graduate,Other,Household,,,State Assembly Election (AE)
Tamil_Nadu,11,16,2016,5,4,0,8,EZHILARASAN I,M,BSP,255,29,SC,120635,191494,EGMORE,SC,CHENNAI,CHENNAI CITY REGION,21,63,0.21,yes,0,0,2.86,AETN187111,State-based Party (Other State),16651,TRUE,1,,,,,,0,FALSE,FALSE,FALSE,Graduate Professional,Other,,,,State Assembly Election (AE)
Tamil_Nadu,11,16,2016,5,4,0,9,BALASUNDARAM M,M,IND,255,79,SC,120635,191494,EGMORE,SC,CHENNAI,CHENNAI CITY REGION,21,63,0.21,yes,63,0.05,2.86,AETN187112,Independents,10809,TRUE,1,,,,,,0,FALSE,FALSE,FALSE,Doctorate,Liberal Profession or Professional,Doctor,,,State Assembly Election (AE)
Tamil_Nadu,11,16,2016,5,4,0,10,NAGARAJAN M,M,IND,192,40,SC,120635,191494,EGMORE,SC,CHENNAI,CHENNAI CITY REGION,21,63,0.16,yes,13,0.01,2.86,AETN187113,Independents,10809,TRUE,1,,,,,,0,FALSE,FALSE,FALSE,12th Pass,Small Business or Self-employed,,,,State Assembly Election (AE)
Tamil_Nadu,11,16,2016,5,4,0,11,VENKATACHALAM V,M,YSP,179,27,SC,120635,191494,EGMORE,SC,CHENNAI,CHENNAI CITY REGION,21,63,0.15,yes,51,0.04,2.86,AETN187114,Local Party,13071,TRUE,1,,,,,,0,FALSE,FALSE,FALSE,,,,,,State Assembly Election (AE)
Tamil_Nadu,11,16,2016,5,4,0,12,GUNASEKAR N,M,IND,128,26,SC,120635,191494,EGMORE,SC,CHENNAI,CHENNAI CITY REGION,21,63,0.11,yes,25,0.02,2.86,AETN187115,Independents,10809,TRUE,1,,,,,,0,FALSE,FALSE,FALSE,8th Pass,Social Work,,,,State Assembly Election (AE)
Tamil_Nadu,11,16,2016,5,4,0,13,ASHOK A,M,SHS,103,56,SC,120635,191494,EGMORE,SC,CHENNAI,CHENNAI CITY REGION,21,63,0.09,yes,6,0,2.86,AETN187116,State-based Party (Other State),18691,TRUE,1,,,,,,0,FALSE,FALSE,FALSE,5th Pass,Agriculture,,,,State Assembly Election (AE)
Tamil_Nadu,11,16,2016,5,4,0,14,MUKUNTHAN J,M,IND,97,26,SC,120635,191494,EGMORE,SC,CHENNAI,CHENNAI CITY REGION,21,63,0.08,yes,18,0.01,2.86,AETN187117,Independents,10809,TRUE,1,,,,,,0,FALSE,FALSE,FALSE,Graduate Professional,Liberal Profession or Professional,Lawyer,,,State Assembly Election (AE)
Tamil_Nadu,11,16,2016,5,4,0,15,SELVAM I,M,IND,79,49,SC,120635,191494,EGMORE,SC,CHENNAI,CHENNAI CITY REGION,21,63,0.07,yes,9,0.01,2.86,AETN187118,Independents,10809,TRUE,1,,,,,,0,FALSE,FALSE,FALSE,,,,,,State Assembly Election (AE)
Tamil_Nadu,11,16,2016,5,4,0,16,KUBENDRAN S,M,MKAT,70,32,SC,120635,191494,EGMORE,SC,CHENNAI,CHENNAI CITY REGION,21,63,0.06,yes,16,0.01,2.86,AETN187119,Local Party,5299,TRUE,1,,,,,,0,FALSE,FALSE,FALSE,10th Pass,Liberal Profession or Professional,Film Director,,,State Assembly Election (AE)
Tamil_Nadu,11,16,2016,5,4,0,17,CHANDRAKALA J,F,JASD,54,37,SC,120635,191494,EGMORE,SC,CHENNAI,CHENNAI CITY REGION,21,63,0.04,yes,2,0,2.86,AETN187120,Local Party,4175,TRUE,1,,,,,,0,FALSE,FALSE,FALSE,,,,,,State Assembly Election (AE)
Tamil_Nadu,11,16,2016,5,4,0,18,DHATCHAYANI M,F,IND,52,41,SC,120635,191494,EGMORE,SC,CHENNAI,CHENNAI CITY REGION,21,63,0.04,yes,13,0.01,2.86,AETN187121,Independents,10809,TRUE,1,,,,,,0,FALSE,FALSE,FALSE,12th Pass,Other,Household,,,State Assembly Election (AE)
Tamil_Nadu,11,16,2016,5,4,0,19,ARUN KUMAR A,M,IND,39,47,SC,120635,191494,EGMORE,SC,CHENNAI,CHENNAI CITY REGION,21,63,0.03,yes,3,0,2.86,AETN187122,Independents,10809,TRUE,1,,,,,,0,FALSE,FALSE,FALSE,Others,Business,,Social Work,,State Assembly Election (AE)
Tamil_Nadu,11,16,2016,5,4,0,20,PRASATH S,M,IND,36,31,SC,120635,191494,EGMORE,SC,CHENNAI,CHENNAI CITY REGION,21,63,0.03,yes,0,0,2.86,AETN187123,Independents,10809,TRUE,1,,,,,,0,FALSE,FALSE,FALSE,10th Pass,Business,,Social Work,,State Assembly Election (AE)
Tamil_Nadu,11,16,2016,5,4,0,21,RAJASEKAR S,M,IND,36,26,SC,120635,191494,EGMORE,SC,CHENNAI,CHENNAI CITY REGION,21,63,0.03,yes,1,0,2.86,AETN187124,Independents,10809,TRUE,1,,,,,,0,FALSE,FALSE,FALSE,Graduate,Small Business or Self-employed,,,,State Assembly Election (AE)
Tamil_Nadu,11,16,2016,5,4,0,22,JAYARAJ S,M,IND,35,29,SC,120635,191494,EGMORE,SC,CHENNAI,CHENNAI CITY REGION,21,63,0.03,yes,0,0,2.86,AETN187125,Independents,10809,TRUE,1,,,,,,0,FALSE,FALSE,FALSE,12th Pass,Small Business or Self-employed,,,,State Assembly Election (AE)
Tamil_Nadu,11,17,2016,5,4,0,1,JAYAKUMAR D,M,ADMK,55205,55,GEN,122117,192283,ROYAPURAM,GEN,CHENNAI,CHENNAI CITY REGION,17,63.51,45.21,no,8031,6.58,2.86,AETN202302,State-based Party,930,TRUE,6,ADMK,930,ROYAPURAM,TRUE,TRUE,5,FALSE,TRUE,TRUE,,,,,,State Assembly Election (AE)
Tamil_Nadu,11,17,2016,5,4,0,2,MANOHAR R,M,INC,47174,50,GEN,122117,192283,ROYAPURAM,GEN,CHENNAI,CHENNAI CITY REGION,17,63.51,38.63,no,42829,35.07,2.86,AETN187127,National Party,3482,TRUE,3,INC,3482,ROYAPURAM,TRUE,TRUE,0,FALSE,FALSE,TRUE,Post Graduate,Business,,,,State Assembly Election (AE)
Tamil_Nadu,11,17,2016,5,4,0,3,SYED RAFI BASHA H,M,SDPI,4345,37,GEN,122117,192283,ROYAPURAM,GEN,CHENNAI,CHENNAI CITY REGION,17,63.51,3.56,yes,783,0.64,2.86,AETN187128,Local Party,7985,TRUE,1,,,,,,0,FALSE,FALSE,FALSE,5th Pass,Business,,,,State Assembly Election (AE)
Tamil_Nadu,11,17,2016,5,4,0,4,JEMELAA M R,F,BJP,3562,42,GEN,122117,192283,ROYAPURAM,GEN,CHENNAI,CHENNAI CITY REGION,17,63.51,2.92,yes,371,0.3,2.86,AETN187129,National Party,1605,TRUE,1,,,,,,0,FALSE,FALSE,FALSE,Post Graduate,Salaried Work or Employed,Managerial Position,,,State Assembly Election (AE)
Tamil_Nadu,11,17,2016,5,4,0,5,BIJU CHACKO,M,TMC(M),3191,47,GEN,122117,192283,ROYAPURAM,GEN,CHENNAI,CHENNAI CITY REGION,17,63.51,2.61,yes,804,0.66,2.86,AETN187130,Local Party,8247,TRUE,1,,,,,,0,FALSE,FALSE,FALSE,Graduate Professional,Business,Real Estate or Builder or Developer or Construction,,,State Assembly Election (AE)
Tamil_Nadu,11,17,2016,5,4,0,6,ANANDA RAJ B,M,NTK,2387,36,GEN,122117,192283,ROYAPURAM,GEN,CHENNAI,CHENNAI CITY REGION,17,63.51,1.95,yes,39,0.03,2.86,AETN187131,,5533,TRUE,1,,,,,,0,FALSE,FALSE,FALSE,10th Pass,Business,,Small Business or Self-employed,Self-employed,State Assembly Election (AE)
Tamil_Nadu,11,17,2016,5,4,0,7,None of the Above,,NOTA,2348,,,122117,192283,ROYAPURAM,GEN,CHENNAI,CHENNAI CITY REGION,17,63.51,1.92,,222,0.18,2.86,,NOTA,5897,TRUE,,,,,,,,,,,,,,,,State Assembly Election (AE)
Tamil_Nadu,11,17,2016,5,4,0,8,PERUMAL T S,M,PMK,2126,62,GEN,122117,192283,ROYAPURAM,GEN,CHENNAI,CHENNAI CITY REGION,17,63.51,1.74,yes,1748,1.43,2.86,AETN187132,State-based Party,11891,TRUE,2,PMK,11891,ROYAPURAM,TRUE,TRUE,0,FALSE,FALSE,FALSE,8th Pass,Business,"Transport, Rent",,,State Assembly Election (AE)
Tamil_Nadu,11,17,2016,5,4,0,9,SELVAN P,M,IND,378,26,GEN,122117,192283,ROYAPURAM,GEN,CHENNAI,CHENNAI CITY REGION,17,63.51,0.31,yes,14,0.01,2.86,AETN187133,Independents,10809,TRUE,1,,,,,,0,FALSE,FALSE,FALSE,10th Pass,Agricultural Labour,,,,State Assembly Election (AE)
Tamil_Nadu,11,17,2016,5,4,0,10,VIJAYAVELMURUGAN T,M,IND,364,63,GEN,122117,192283,ROYAPURAM,GEN,CHENNAI,CHENNAI CITY REGION,17,63.51,0.3,yes,64,0.05,2.86,AETN187134,Independents,10809,TRUE,1,,,,,,0,FALSE,FALSE,FALSE,12th Pass,Retired or Pension,,,,State Assembly Election (AE)
Tamil_Nadu,11,17,2016,5,4,0,11,RUBALINGAM K,M,BSP,300,31,SC,122117,192283,ROYAPURAM,GEN,CHENNAI,CHENNAI CITY REGION,17,63.51,0.25,yes,18,0.01,2.86,AETN187135,State-based Party (Other State),16651,TRUE,1,,,,,,0,FALSE,FALSE,FALSE,Others,Other,,,,State Assembly Election (AE)
Tamil_Nadu,11,17,2016,5,4,0,12,PURUSHOTHAMAN P P,M,IND,282,35,GEN,122117,192283,ROYAPURAM,GEN,CHENNAI,CHENNAI CITY REGION,17,63.51,0.23,yes,144,0.12,2.86,AETN187136,Independents,10809,TRUE,1,,,,,,0,FALSE,FALSE,FALSE,Graduate Professional,Liberal Profession or Professional,Lawyer,,,State Assembly Election (AE)
Tamil_Nadu,11,17,2016,5,4,0,13,GANESH PRABHU P,M,IND,138,28,GEN,122117,192283,ROYAPURAM,GEN,CHENNAI,CHENNAI CITY REGION,17,63.51,0.11,yes,50,0.04,2.86,AETN187137,Independents,10809,TRUE,1,,,,,,0,FALSE,FALSE,FALSE,Post Graduate,Business,,,,State Assembly Election (AE)
Tamil_Nadu,11,17,2016,5,4,0,14,DHANASEKARAN G,M,IND,88,45,GEN,122117,192283,ROYAPURAM,GEN,CHENNAI,CHENNAI CITY REGION,17,63.51,0.07,yes,19,0.02,2.86,AETN187138,Independents,10809,TRUE,1,,,,,,0,FALSE,FALSE,FALSE,Graduate Professional,Liberal Profession or Professional,Lawyer,,,State Assembly Election (AE)
Tamil_Nadu,11,17,2016,5,4,0,15,DAVID K,M,IND,69,27,GEN,122117,192283,ROYAPURAM,GEN,CHENNAI,CHENNAI CITY REGION,17,63.51,0.06,yes,12,0.01,2.86,AETN187139,Independents,10809,TRUE,1,,,,,,0,FALSE,FALSE,FALSE,Graduate Professional,Liberal Profession or Professional,Lawyer,,,State Assembly Election (AE)
Tamil_Nadu,11,17,2016,5,4,0,16,RAJARAMAN N,M,IND,57,61,GEN,122117,192283,ROYAPURAM,GEN,CHENNAI,CHENNAI CITY REGION,17,63.51,0.05,yes,3,0,2.86,AETN271220,Independents,10809,TRUE,2,IND,10809,ROYAPURAM,TRUE,TRUE,0,FALSE,FALSE,TRUE,Graduate Professional,Liberal Profession or Professional,Lawyer,,,State Assembly Election (AE)
Tamil_Nadu,11,17,2016,5,4,0,17,SURESH T,M,IND,54,50,GEN,122117,192283,ROYAPURAM,GEN,CHENNAI,CHENNAI CITY REGION,17,63.51,0.04,yes,5,0,2.86,AETN187141,Independents,10809,TRUE,1,,,,,,0,FALSE,FALSE,FALSE,,,,,,State Assembly Election (AE)
Tamil_Nadu,11,17,2016,5,4,0,18,SATHYANARAYANAN@VANNA I SATHYA,M,IND,49,49,GEN,122117,192283,ROYAPURAM,GEN,CHENNAI,CHENNAI CITY REGION,17,63.51,0.04,yes,0,0,2.86,AETN187142,Independents,10809,TRUE,1,,,,,,0,FALSE,FALSE,FALSE,,,,,,State Assembly Election (AE)
Tamil_Nadu,11,18,2016,5,4,0,1,SEKAR BABU P K,M,DMK,42071,53,GEN,104238,188171,HARBOUR,GEN,CHENNAI,CHENNAI CITY REGION,25,55.4,40.36,no,4836,4.64,3.23,AETN187143,State-based Party,10192,TRUE,4,DMK,10192,DR.RADHAKRISHNAN NAGAR,FALSE,TRUE,3,FALSE,FALSE,FALSE,10th Pass,Small Business or Self-employed,Self-employed,Social Work,,State Assembly Election (AE)
Tamil_Nadu,11,18,2016,5,4,0,2,SREENIVASAN K S,M,ADMK,37235,51,GEN,104238,188171,HARBOUR,GEN,CHENNAI,CHENNAI CITY REGION,25,55.4,35.72,no,23878,22.91,3.23,AETN187144,State-based Party,930,TRUE,1,,,,,,0,FALSE,FALSE,FALSE,,,,,,State Assembly Election (AE)
Tamil_Nadu,11,18,2016,5,4,0,3,KRISHNAKUMAR NADHANI,M,BJP,13357,39,GEN,104238,188171,HARBOUR,GEN,CHENNAI,CHENNAI CITY REGION,25,55.4,12.81,yes,9196,8.82,3.23,AETN187145,National Party,1605,TRUE,1,,,,,,0,FALSE,FALSE,FALSE,Post Graduate,Other,,,,State Assembly Election (AE)
Tamil_Nadu,11,18,2016,5,4,0,4,AMEER HAMSA S,M,SDPI,4161,45,GEN,104238,188171,HARBOUR,GEN,CHENNAI,CHENNAI CITY REGION,25,55.4,3.99,yes,2060,1.98,3.23,AETN187146,Local Party,7985,TRUE,1,,,,,,0,FALSE,FALSE,FALSE,,,,,,State Assembly Election (AE)
Tamil_Nadu,11,18,2016,5,4,0,5,None of the Above,,NOTA,2101,,,104238,188171,HARBOUR,GEN,CHENNAI,CHENNAI CITY REGION,25,55.4,2.02,,131,0.13,3.23,,NOTA,5897,TRUE,,,,,,,,,,,,,,,,State Assembly Election (AE)
Tamil_Nadu,11,18,2016,5,4,0,6,MURAD BUHARI B,M,MDMK,1970,49,GEN,104238,188171,HARBOUR,GEN,CHENNAI,CHENNAI CITY REGION,25,55.4,1.89,yes,959,0.92,3.23,AETN187147,State-based Party,11601,TRUE,1,,,,,,0,FALSE,FALSE,FALSE,12th Pass,Business,Hospitality,,,State Assembly Election (AE)
Tamil_Nadu,11,18,2016,5,4,0,7,SURESHKUMAR R,M,PMK,1011,41,GEN,104238,188171,HARBOUR,GEN,CHENNAI,CHENNAI CITY REGION,25,55.4,0.97,yes,109,0.1,3.23,AETN187148,State-based Party,11891,TRUE,1,,,,,,0,FALSE,FALSE,FALSE,Graduate,Business,,,,State Assembly Election (AE)
Tamil_Nadu,11,18,2016,5,4,0,8,ANWAR BAIG,M,NTK,902,52,GEN,104238,188171,HARBOUR,GEN,CHENNAI,CHENNAI CITY REGION,25,55.4,0.87,yes,675,0.65,3.23,AETN187149,,5533,TRUE,1,,,,,,0,FALSE,FALSE,FALSE,Others,Business,,,,State Assembly Election (AE)
Tamil_Nadu,11,18,2016,5,4,0,9,SIVACHANDRAN P,M,IND,227,26,GEN,104238,188171,HARBOUR,GEN,CHENNAI,CHENNAI CITY REGION,25,55.4,0.22,yes,45,0.04,3.23,AETN187150,Independents,10809,TRUE,1,,,,,,0,FALSE,FALSE,FALSE,12th Pass,Student,,,,State Assembly Election (AE)
Tamil_Nadu,11,18,2016,5,4,0,10,NAZEER HUSSAIN S,M,BSP,182,39,GEN,104238,188171,HARBOUR,GEN,CHENNAI,CHENNAI CITY REGION,25,55.4,0.17,yes,37,0.04,3.23,AETN187151,State-based Party (Other State),16651,TRUE,1,,,,,,0,FALSE,FALSE,FALSE,Others,Business,Real Estate or Builder or Developer or Construction,,,State Assembly Election (AE)
Tamil_Nadu,11,18,2016,5,4,0,11,NATHIYA R,F,IND,145,29,GEN,104238,188171,HARBOUR,GEN,CHENNAI,CHENNAI CITY REGION,25,55.4,0.14,yes,25,0.02,3.23,AETN187152,Independents,10809,TRUE,1,,,,,,0,FALSE,FALSE,FALSE,Graduate Professional,Liberal Profession or Professional,Lawyer,,,State Assembly Election (AE)
Tamil_Nadu,11,18,2016,5,4,0,12,ABESAR,M,YSP,120,35,GEN,104238,188171,HARBOUR,GEN,CHENNAI,CHENNAI CITY REGION,25,55.4,0.12,yes,0,0,3.23,AETN187153,Local Party,13071,TRUE,1,,,,,,0,FALSE,FALSE,FALSE,,,,,,State Assembly Election (AE)
Tamil_Nadu,11,18,2016,5,4,0,13,SRINIVASAN R,M,IND,120,30,GEN,104238,188171,HARBOUR,GEN,CHENNAI,CHENNAI CITY REGION,25,55.4,0.12,yes,39,0.04,3.23,AETN271808,Independents,10809,TRUE,1,,,,,,0,FALSE,FALSE,FALSE,Graduate,Small Business or Self-employed,Self-employed,,,State Assembly Election (AE)
Tamil_Nadu,11,18,2016,5,4,0,14,SRINIVASAN P,M,IND,81,44,GEN,104238,188171,HARBOUR,GEN,CHENNAI,CHENNAI CITY REGION,25,55.4,0.08,yes,7,0.01,3.23,AETN187155,Independents,10809,TRUE,1,,,,,,0,FALSE,FALSE,FALSE,Post Graduate,Liberal Profession or Professional,Lawyer,,,State Assembly Election (AE)
Tamil_Nadu,11,18,2016,5,4,0,15,VENKATESAN P,M,IND,74,46,GEN,104238,188171,HARBOUR,GEN,CHENNAI,CHENNAI CITY REGION,25,55.4,0.07,yes,3,0,3.23,AETN187156,Independents,10809,TRUE,1,,,,,,0,FALSE,FALSE,FALSE,Graduate Professional,Liberal Profession or Professional,Lawyer,,,State Assembly Election (AE)
Tamil_Nadu,11,18,2016,5,4,0,16,SAGAYAM G,M,GMI,71,31,GEN,104238,188171,HARBOUR,GEN,CHENNAI,CHENNAI CITY REGION,25,55.4,0.07,yes,13,0.01,3.23,AETN187157,Local Party,3070,TRUE,1,,,,,,0,FALSE,FALSE,FALSE,12th Pass,Business,,,,State Assembly Election (AE)
Tamil_Nadu,11,18,2016,5,4,0,17,JAYARAJ K,M,PPIS,58,42,SC,104238,188171,HARBOUR,GEN,CHENNAI,CHENNAI CITY REGION,25,55.4,0.06,yes,2,0,3.23,AETN187158,Local Party,6057,TRUE,1,,,,,,0,FALSE,FALSE,FALSE,10th Pass,Small Business or Self-employed,Self-employed,,,State Assembly Election (AE)
Tamil_Nadu,11,18,2016,5,4,0,18,NANDAKUMAR D,M,IND,56,43,GEN,104238,188171,HARBOUR,GEN,CHENNAI,CHENNAI CITY REGION,25,55.4,0.05,yes,7,0.01,3.23,AETN187159,Independents,10809,TRUE,1,,,,,,0,FALSE,FALSE,FALSE,10th Pass,Small Business or Self-employed,Self-employed,,,State Assembly Election (AE)
Tamil_Nadu,11,18,2016,5,4,0,19,RAVI M L,M,DMSK,49,52,GEN,104238,188171,HARBOUR,GEN,CHENNAI,CHENNAI CITY REGION,25,55.4,0.05,yes,1,0,3.23,GETN270882,Local Party,2953,TRUE,1,,,,,,0,FALSE,FALSE,FALSE,,Liberal Profession or Professional,Lawyer,,,State Assembly Election (AE)
Tamil_Nadu,11,18,2016,5,4,0,20,KRISHNAKUMAR G,M,IND,48,30,SC,104238,188171,HARBOUR,GEN,CHENNAI,CHENNAI CITY REGION,25,55.4,0.05,yes,3,0,3.23,AETN187161,Independents,10809,TRUE,1,,,,,,0,FALSE,FALSE,FALSE,Graduate,Small Business or Self-employed,Self-employed,,,State Assembly Election (AE)
Tamil_Nadu,11,18,2016,5,4,0,21,CHANDRA BOMMU K,M,IND,45,28,GEN,104238,188171,HARBOUR,GEN,CHENNAI,CHENNAI CITY REGION,25,55.4,0.04,yes,10,0.01,3.23,AETN187162,Independents,10809,TRUE,1,,,,,,0,FALSE,FALSE,FALSE,Others,Business,,,,State Assembly Election (AE)
Tamil_Nadu,11,18,2016,5,4,0,22,NAZIM,M,IND,35,46,GEN,104238,188171,HARBOUR,GEN,CHENNAI,CHENNAI CITY REGION,25,55.4,0.03,yes,3,0,3.23,AETN187163,Independents,10809,TRUE,1,,,,,,0,FALSE,FALSE,FALSE,8th Pass,Business,,,,State Assembly Election (AE)
Tamil_Nadu,11,18,2016,5,4,0,23,MAHENDRA KUMAR J,M,IND,32,54,GEN,104238,188171,HARBOUR,GEN,CHENNAI,CHENNAI CITY REGION,25,55.4,0.03,yes,1,0,3.23,AETN187164,Independents,10809,TRUE,1,,,,,,0,FALSE,FALSE,FALSE,8th Pass,Business,,,,State Assembly Election (AE)
Tamil_Nadu,11,18,2016,5,4,0,24,UVAKUMAR P N,M,IND,31,43,GEN,104238,188171,HARBOUR,GEN,CHENNAI,CHENNAI CITY REGION,25,55.4,0.03,yes,2,0,3.23,AETN187165,Independents,10809,TRUE,1,,,,,,0,FALSE,FALSE,FALSE,12th Pass,Business,,,,State Assembly Election (AE)
Tamil_Nadu,11,18,2016,5,4,0,25,RAMESH D,M,IND,29,54,GEN,104238,188171,HARBOUR,GEN,CHENNAI,CHENNAI CITY REGION,25,55.4,0.03,yes,2,0,3.23,AETN187166,Independents,10809,TRUE,1,,,,,,0,FALSE,FALSE,FALSE,Post Graduate,Liberal Profession or Professional,Lawyer,,,State Assembly Election (AE)
Tamil_Nadu,11,18,2016,5,4,0,26,MAGESHKUMAR D,M,IND,27,37,SC,104238,188171,HARBOUR,GEN,CHENNAI,CHENNAI CITY REGION,25,55.4,0.03,yes,0,0,3.23,AETN187167,Independents,10809,TRUE,1,,,,,,0,FALSE,FALSE,FALSE,8th Pass,Small Business or Self-employed,Self-employed,,,State Assembly Election (AE)
Tamil_Nadu,11,19,2016,5,4,0,1,J.ANBAZHAGAN,M,DMK,67982,57,GEN,143665,230619,CHEPAUK-THIRUVALLIKENI,GEN,CHENNAI,CHENNAI CITY REGION,20,62.3,47.32,no,14164,9.86,2.78,AETN193533,State-based Party,10192,TRUE,4,DMK,10192,CHEPAUK-THIRUVALLIKENI,TRUE,TRUE,3,FALSE,TRUE,TRUE,Graduate,Business,,,,State Assembly Election (AE)
Tamil_Nadu,11,19,2016,5,4,0,2,A.NOORJAHAN,F,ADMK,53818,44,GEN,143665,230619,CHEPAUK-THIRUVALLIKENI,GEN,CHENNAI,CHENNAI CITY REGION,20,62.3,37.46,no,47537,33.09,2.78,AETN187169,State-based Party,930,TRUE,1,,,,,,0,FALSE,FALSE,FALSE,,,,,,State Assembly Election (AE)
Tamil_Nadu,11,19,2016,5,4,0,3,APN.THAMARAI GAJENDRAN,M,BJP,6281,43,GEN,143665,230619,CHEPAUK-THIRUVALLIKENI,GEN,CHENNAI,CHENNAI CITY REGION,20,62.3,4.37,yes,774,0.54,2.78,AETN187170,National Party,1605,TRUE,1,,,,,,0,FALSE,FALSE,FALSE,10th Pass,Business,Real Estate or Builder or Developer or Construction,Small Business or Self-employed,,State Assembly Election (AE)
Tamil_Nadu,11,19,2016,5,4,0,4,V.ABDULLA SAIT,M,DMDK,5507,38,GEN,143665,230619,CHEPAUK-THIRUVALLIKENI,GEN,CHENNAI,CHENNAI CITY REGION,20,62.3,3.83,yes,2013,1.4,2.78,AETN187171,State-based Party,2956,TRUE,1,,,,,,0,FALSE,FALSE,FALSE,Post Graduate,Business,Transport,,,State Assembly Election (AE)
Tamil_Nadu,11,19,2016,5,4,0,5,None of the Above,,NOTA,3494,,,143665,230619,CHEPAUK-THIRUVALLIKENI,GEN,CHENNAI,CHENNAI CITY REGION,20,62.3,2.43,,983,0.68,2.78,,NOTA,5897,TRUE,,,,,,,,,,,,,,,,State Assembly Election (AE)
Tamil_Nadu,11,19,2016,5,4,0,6,A.V.A.KASSALI,M,PMK,2511,56,GEN,143665,230619,CHEPAUK-THIRUVALLIKENI,GEN,CHENNAI,CHENNAI CITY REGION,20,62.3,1.75,yes,701,0.49,2.78,AETN187172,State-based Party,11891,TRUE,1,,,,,,0,FALSE,FALSE,FALSE,5th Pass,Business,Textile,Politics,Party Worker,State Assembly Election (AE)
Tamil_Nadu,11,19,2016,5,4,0,7,P.SIVAKUMAR,M,NTK,1810,38,SC,143665,230619,CHEPAUK-THIRUVALLIKENI,GEN,CHENNAI,CHENNAI CITY REGION,20,62.3,1.26,yes,1438,1,2.78,AETN187173,,5533,TRUE,1,,,,,,0,FALSE,FALSE,FALSE,10th Pass,Business,Private Company,,,State Assembly Election (AE)
Tamil_Nadu,11,19,2016,5,4,0,8,K.MAHENDIRAN,M,IND,372,26,GEN,143665,230619,CHEPAUK-THIRUVALLIKENI,GEN,CHENNAI,CHENNAI CITY REGION,20,62.3,0.26,yes,36,0.03,2.78,AETN187174,Independents,10809,TRUE,1,,,,,,0,FALSE,FALSE,FALSE,Post Graduate,Student,,,,State Assembly Election (AE)
Tamil_Nadu,11,19,2016,5,4,0,9,C.RAGHU,M,BSP,336,39,SC,143665,230619,CHEPAUK-THIRUVALLIKENI,GEN,CHENNAI,CHENNAI CITY REGION,20,62.3,0.23,yes,108,0.08,2.78,AETN187175,State-based Party (Other State),16651,TRUE,2,BSP,16651,CHEPAUK-THIRUVALLIKENI,TRUE,TRUE,0,FALSE,FALSE,TRUE,8th Pass,Small Business or Self-employed,,,,State Assembly Election (AE)
Tamil_Nadu,11,19,2016,5,4,0,10,PREMKUMAR,M,IND,228,27,SC,143665,230619,CHEPAUK-THIRUVALLIKENI,GEN,CHENNAI,CHENNAI CITY REGION,20,62.3,0.16,yes,5,0,2.78,AETN187176,Independents,10809,TRUE,1,,,,,,0,FALSE,FALSE,FALSE,Graduate Professional,Liberal Profession or Professional,Lawyer,,,State Assembly Election (AE)
Tamil_Nadu,11,19,2016,5,4,0,11,J.JAYAPRAKASH,M,YSP,223,41,GEN,143665,230619,CHEPAUK-THIRUVALLIKENI,GEN,CHENNAI,CHENNAI CITY REGION,20,62.3,0.16,yes,49,0.03,2.78,AETN187177,Local Party,13071,TRUE,2,YSP,13071,ANNA NAGAR,FALSE,TRUE,0,FALSE,FALSE,TRUE,,,,,,State Assembly Election (AE)
Tamil_Nadu,11,19,2016,5,4,0,12,S.VIVEKANANDA,M,IND,174,66,GEN,143665,230619,CHEPAUK-THIRUVALLIKENI,GEN,CHENNAI,CHENNAI CITY REGION,20,62.3,0.12,yes,16,0.01,2.78,AETN187178,Independents,10809,TRUE,1,,,,,,0,FALSE,FALSE,FALSE,10th Pass,Retired or Pension,,,,State Assembly Election (AE)
Tamil_Nadu,11,19,2016,5,4,0,13,D.SELVARAJ,M,IND,158,26,GEN,143665,230619,CHEPAUK-THIRUVALLIKENI,GEN,CHENNAI,CHENNAI CITY REGION,20,62.3,0.11,yes,28,0.02,2.78,AETN187179,Independents,10809,TRUE,1,,,,,,0,FALSE,FALSE,FALSE,,,,,,State Assembly Election (AE)
Tamil_Nadu,11,19,2016,5,4,0,14,ABBU MOOSA KHADERI,M,IND,130,27,GEN,143665,230619,CHEPAUK-THIRUVALLIKENI,GEN,CHENNAI,CHENNAI CITY REGION,20,62.3,0.09,yes,4,0,2.78,AETN187180,Independents,10809,TRUE,1,,,,,,0,FALSE,FALSE,FALSE,12th Pass,Business,,,,State Assembly Election (AE)
Tamil_Nadu,11,19,2016,5,4,0,15,T.K.SYED SUBAIR,M,IND,126,49,GEN,143665,230619,CHEPAUK-THIRUVALLIKENI,GEN,CHENNAI,CHENNAI CITY REGION,20,62.3,0.09,yes,7,0,2.78,AETN187181,Independents,10809,TRUE,1,,,,,,0,FALSE,FALSE,FALSE,Graduate,Unemployed,,,,State Assembly Election (AE)
Tamil_Nadu,11,19,2016,5,4,0,16,ABID BAKSHQH HUSSAIN,M,RPI(A),119,39,GEN,143665,230619,CHEPAUK-THIRUVALLIKENI,GEN,CHENNAI,CHENNAI CITY REGION,20,62.3,0.08,yes,8,0.01,2.78,AETN187182,Local Party,12285,TRUE,1,,,,,,0,FALSE,FALSE,FALSE,10th Pass,Business,,Social Work,,State Assembly Election (AE)
Tamil_Nadu,11,19,2016,5,4,0,17,J.ELUMALAI,M,SHS,111,31,GEN,143665,230619,CHEPAUK-THIRUVALLIKENI,GEN,CHENNAI,CHENNAI CITY REGION,20,62.3,0.08,yes,29,0.02,2.78,AETN187183,State-based Party (Other State),18691,TRUE,1,,,,,,0,FALSE,FALSE,FALSE,,,,,,State Assembly Election (AE)
Tamil_Nadu,11,19,2016,5,4,0,18,M.JAFFER SHATHIK,M,EDP,82,25,GEN,143665,230619,CHEPAUK-THIRUVALLIKENI,GEN,CHENNAI,CHENNAI CITY REGION,20,62.3,0.06,yes,5,0,2.78,AETN187184,Local Party,3036,TRUE,1,,,,,,0,FALSE,FALSE,FALSE,Graduate Professional,Unemployed,,,,State Assembly Election (AE)
Tamil_Nadu,11,19,2016,5,4,0,19,S.ANBALAGAN,M,IND,77,51,GEN,143665,230619,CHEPAUK-THIRUVALLIKENI,GEN,CHENNAI,CHENNAI CITY REGION,20,62.3,0.05,yes,9,0.01,2.78,AETN190858,Independents,10809,TRUE,2,IND,10809,CHEPAUK-THIRUVALLIKENI,TRUE,TRUE,0,FALSE,FALSE,TRUE,8th Pass,Business,,,,State Assembly Election (AE)
Tamil_Nadu,11,19,2016,5,4,0,20,K.SRINIVASAN,M,IND,68,38,GEN,143665,230619,CHEPAUK-THIRUVALLIKENI,GEN,CHENNAI,CHENNAI CITY REGION,20,62.3,0.05,yes,10,0.01,2.78,AETN187186,Independents,10809,TRUE,1,,,,,,0,FALSE,FALSE,FALSE,10th Pass,Salaried Work or Employed,Qualified Professional,,,State Assembly Election (AE)
Tamil_Nadu,11,19,2016,5,4,0,21,C.MANIKANDAN,M,IND,58,32,GEN,143665,230619,CHEPAUK-THIRUVALLIKENI,GEN,CHENNAI,CHENNAI CITY REGION,20,62.3,0.04,yes,0,0,2.78,AETN187187,Independents,10809,TRUE,1,,,,,,0,FALSE,FALSE,FALSE,Graduate Professional,Business,,,,State Assembly Election (AE)
Tamil_Nadu,11,20,2016,5,4,0,1,SELVAM KU. KA,M,DMK,61726,62,GEN,142403,235724,THOUSAND LIGHTS,GEN,CHENNAI,CHENNAI CITY REGION,22,60.41,43.35,no,8829,6.2,3.03,AETN187188,State-based Party,10192,TRUE,1,,,,,,1,FALSE,FALSE,FALSE,,Other,,,,State Assembly Election (AE)
Tamil_Nadu,11,20,2016,5,4,0,2,VALARMATHI B,F,ADMK,52897,58,GEN,142403,235724,THOUSAND LIGHTS,GEN,CHENNAI,CHENNAI CITY REGION,22,60.41,37.15,no,44381,31.17,3.03,AETN187189,State-based Party,930,TRUE,5,ADMK,930,THOUSAND LIGHTS,TRUE,TRUE,3,FALSE,TRUE,TRUE,,,,,,State Assembly Election (AE)
Tamil_Nadu,11,20,2016,5,4,0,3,SHIVALINGAM M,M,BJP,8516,52,SC,142403,235724,THOUSAND LIGHTS,GEN,CHENNAI,CHENNAI CITY REGION,22,60.41,5.98,yes,711,0.5,3.03,AETN187190,National Party,1605,TRUE,2,BJP,1605,THOUSAND LIGHTS,TRUE,TRUE,0,FALSE,FALSE,FALSE,10th Pass,Business,,,,State Assembly Election (AE)
Tamil_Nadu,11,20,2016,5,4,0,4,AMBIGAPATHY C,M,MDMK,7805,51,GEN,142403,235724,THOUSAND LIGHTS,GEN,CHENNAI,CHENNAI CITY REGION,22,60.41,5.48,yes,3837,2.69,3.03,AETN187191,State-based Party,11601,TRUE,1,,,,,,0,FALSE,FALSE,FALSE,12th Pass,Salaried Work or Employed,Managerial Position,,,State Assembly Election (AE)
Tamil_Nadu,11,20,2016,5,4,0,5,RANGAN V,M,PMK,3968,41,GEN,142403,235724,THOUSAND LIGHTS,GEN,CHENNAI,CHENNAI CITY REGION,22,60.41,2.79,yes,335,0.24,3.03,AETN272644,State-based Party,11891,TRUE,1,,,,,,0,FALSE,FALSE,FALSE,Post Graduate,Business,Contractor,,,State Assembly Election (AE)
Tamil_Nadu,11,20,2016,5,4,0,6,None of the Above,,NOTA,3633,,,142403,235724,THOUSAND LIGHTS,GEN,CHENNAI,CHENNAI CITY REGION,22,60.41,2.55,,1558,1.09,3.03,,NOTA,5897,TRUE,,,,,,,,,,,,,,,,State Assembly Election (AE)
Tamil_Nadu,11,20,2016,5,4,0,7,MURUGESAN,M,NTK,2075,41,SC,142403,235724,THOUSAND LIGHTS,GEN,CHENNAI,CHENNAI CITY REGION,22,60.41,1.46,yes,1569,1.1,3.03,AETN187193,,5533,TRUE,1,,,,,,0,FALSE,FALSE,FALSE,10th Pass,Small Business or Self-employed,,,,State Assembly Election (AE)
Tamil_Nadu,11,20,2016,5,4,0,8,ELANGO M,M,YSP,506,32,GEN,142403,235724,THOUSAND LIGHTS,GEN,CHENNAI,CHENNAI CITY REGION,22,60.41,0.36,yes,322,0.23,3.03,AETN187194,Local Party,13071,TRUE,1,,,,,,0,FALSE,FALSE,FALSE,,,,,,State Assembly Election (AE)
Tamil_Nadu,11,20,2016,5,4,0,9,JAFFER SADIK J,M,IND,184,39,GEN,142403,235724,THOUSAND LIGHTS,GEN,CHENNAI,CHENNAI CITY REGION,22,60.41,0.13,yes,10,0.01,3.03,AETN187195,Independents,10809,TRUE,1,,,,,,0,FALSE,FALSE,FALSE,Graduate,Business,,,,State Assembly Election (AE)
Tamil_Nadu,11,20,2016,5,4,0,10,DHANANJAYAN T S,M,IND,174,45,GEN,142403,235724,THOUSAND LIGHTS,GEN,CHENNAI,CHENNAI CITY REGION,22,60.41,0.12,yes,31,0.02,3.03,AETN272226,Independents,10809,TRUE,1,,,,,,0,FALSE,FALSE,FALSE,8th Pass,Social Work,,,,State Assembly Election (AE)
Tamil_Nadu,11,20,2016,5,4,0,11,MOGAN KUMAR S P,M,IND,143,26,GEN,142403,235724,THOUSAND LIGHTS,GEN,CHENNAI,CHENNAI CITY REGION,22,60.41,0.1,yes,2,0,3.03,AETN187197,Independents,10809,TRUE,1,,,,,,0,FALSE,FALSE,FALSE,12th Pass,Salaried Work or Employed,,,,State Assembly Election (AE)
Tamil_Nadu,11,20,2016,5,4,0,12,MURUGAN S,M,IND,141,45,SC,142403,235724,THOUSAND LIGHTS,GEN,CHENNAI,CHENNAI CITY REGION,22,60.41,0.1,yes,20,0.01,3.03,AETN187198,Independents,10809,TRUE,1,,,,,,0,FALSE,FALSE,FALSE,Graduate Professional,Liberal Profession or Professional,Lawyer,,,State Assembly Election (AE)
Tamil_Nadu,11,20,2016,5,4,0,13,SELVAM R,M,IND,121,38,SC,142403,235724,THOUSAND LIGHTS,GEN,CHENNAI,CHENNAI CITY REGION,22,60.41,0.08,yes,28,0.02,3.03,AETN187199,Independents,10809,TRUE,1,,,,,,0,FALSE,FALSE,FALSE,,,,,,State Assembly Election (AE)
Tamil_Nadu,11,20,2016,5,4,0,14,ARUNTHATHI RAMACHANDRAN,M,IND,93,41,SC,142403,235724,THOUSAND LIGHTS,GEN,CHENNAI,CHENNAI CITY REGION,22,60.41,0.07,yes,25,0.02,3.03,AETN186975,Independents,10809,TRUE,1,,,,,,0,FALSE,FALSE,FALSE,Illiterate,Business,Private Company,,,State Assembly Election (AE)
Tamil_Nadu,11,20,2016,5,4,0,15,SELVAM P,M,IND,68,40,SC,142403,235724,THOUSAND LIGHTS,GEN,CHENNAI,CHENNAI CITY REGION,22,60.41,0.05,yes,7,0,3.03,AETN187201,Independents,10809,TRUE,1,,,,,,0,FALSE,FALSE,FALSE,12th Pass,Labourer or Daily Wage,Taxi Driver,,,State Assembly Election (AE)
Tamil_Nadu,11,20,2016,5,4,0,16,MANIKANDAN A,M,IND,61,26,GEN,142403,235724,THOUSAND LIGHTS,GEN,CHENNAI,CHENNAI CITY REGION,22,60.41,0.04,yes,5,0,3.03,AETN187202,Independents,10809,TRUE,1,,,,,,0,FALSE,FALSE,FALSE,8th Pass,Labourer or Daily Wage,,,,State Assembly Election (AE)
Tamil_Nadu,11,20,2016,5,4,0,17,KUMAR K,M,IND,56,60,GEN,142403,235724,THOUSAND LIGHTS,GEN,CHENNAI,CHENNAI CITY REGION,22,60.41,0.04,yes,6,0,3.03,AETN270905,Independents,10809,TRUE,1,,,,,,0,FALSE,FALSE,FALSE,10th Pass,Former Government,Ex Police,,,State Assembly Election (AE)
Tamil_Nadu,11,20,2016,5,4,0,18,RAMESH A,M,IND,50,49,GEN,142403,235724,THOUSAND LIGHTS,GEN,CHENNAI,CHENNAI CITY REGION,22,60.41,0.04,yes,10,0.01,3.03,AETN187204,Independents,10809,TRUE,1,,,,,,0,FALSE,FALSE,FALSE,Graduate Professional,Liberal Profession or Professional,Lawyer,,,State Assembly Election (AE)
Tamil_Nadu,11,20,2016,5,4,0,19,SANTHAKUMAR K,M,IND,40,41,SC,142403,235724,THOUSAND LIGHTS,GEN,CHENNAI,CHENNAI CITY REGION,22,60.41,0.03,yes,1,0,3.03,AETN187205,Independents,10809,TRUE,1,,,,,,0,FALSE,FALSE,FALSE,Graduate Professional,Liberal Profession or Professional,Lawyer,,,State Assembly Election (AE)
Tamil_Nadu,11,20,2016,5,4,0,20,SELVAM T,M,IND,39,25,GEN,142403,235724,THOUSAND LIGHTS,GEN,CHENNAI,CHENNAI CITY REGION,22,60.41,0.03,yes,1,0,3.03,AETN272692,Independents,10809,TRUE,1,,,,,,0,FALSE,FALSE,FALSE,,,,,,State Assembly Election (AE)
Tamil_Nadu,11,20,2016,5,4,0,21,IYYANAR C,M,IND,38,47,GEN,142403,235724,THOUSAND LIGHTS,GEN,CHENNAI,CHENNAI CITY REGION,22,60.41,0.03,yes,3,0,3.03,AETN187207,Independents,10809,TRUE,1,,,,,,0,FALSE,FALSE,FALSE,Graduate Professional,Liberal Profession or Professional,Lawyer,,,State Assembly Election (AE)
Tamil_Nadu,11,20,2016,5,4,0,22,GOKULAKRISHNAN E,M,IND,35,40,GEN,142403,235724,THOUSAND LIGHTS,GEN,CHENNAI,CHENNAI CITY REGION,22,60.41,0.02,yes,1,0,3.03,AETN187208,Independents,10809,TRUE,1,,,,,,0,FALSE,FALSE,FALSE,Post Graduate,Liberal Profession or Professional,Lawyer,,,State Assembly Election (AE)
Tamil_Nadu,11,20,2016,5,4,0,23,KARTHIK D,M,IND,34,31,GEN,142403,235724,THOUSAND LIGHTS,GEN,CHENNAI,CHENNAI CITY REGION,22,60.41,0.02,yes,0,0,3.03,AETN187209,Independents,10809,TRUE,1,,,,,,0,FALSE,FALSE,FALSE,12th Pass,Salaried Work or Employed,,,,State Assembly Election (AE)
Tamil_Nadu,11,22,2016,5,4,0,1,V.N.VIRUGAI RAVI,M,ADMK,65979,51,GEN,171339,292248,VIRUGAMPAKKAM,GEN,CHENNAI,CHENNAI CITY REGION,20,58.63,38.51,no,2333,1.36,3.33,AETN187231,State-based Party,930,TRUE,1,,,,,,1,FALSE,FALSE,FALSE,,,,,,State Assembly Election (AE)
Tamil_Nadu,11,22,2016,5,4,0,2,K THANASEKARAN,M,DMK,63646,54,GEN,171339,292248,VIRUGAMPAKKAM,GEN,CHENNAI,CHENNAI CITY REGION,20,58.63,37.15,no,44479,25.96,3.33,AETN187232,State-based Party,10192,TRUE,2,DMK,10192,VIRUGAMPAKKAM,TRUE,TRUE,0,FALSE,FALSE,TRUE,10th Pass,Politics,Party Worker,Social Work,NGO,State Assembly Election (AE)
Tamil_Nadu,11,22,2016,5,4,0,3,TAMILIASI SOUNDRARAJAN.DR,F,BJP,19167,54,GEN,171339,292248,VIRUGAMPAKKAM,GEN,CHENNAI,CHENNAI CITY REGION,20,58.63,11.19,yes,9437,5.51,3.33,AETN187233,National Party,1605,TRUE,1,,,,,,0,FALSE,FALSE,FALSE,Graduate Professional,Liberal Profession or Professional,Doctor,,,State Assembly Election (AE)
Tamil_Nadu,11,22,2016,5,4,0,4,B.PARTHASARATHY,M,DMDK,9730,51,GEN,171339,292248,VIRUGAMPAKKAM,GEN,CHENNAI,CHENNAI CITY REGION,20,58.63,5.68,yes,5785,3.38,3.33,AETN193820,State-based Party,2956,TRUE,3,DMDK,2956,VIRUGAMPAKKAM,TRUE,TRUE,1,FALSE,TRUE,TRUE,10th Pass,Business,,,,State Assembly Election (AE)
Tamil_Nadu,11,22,2016,5,4,0,5,C.H. JAYARAO,M,PMK,3945,48,GEN,171339,292248,VIRUGAMPAKKAM,GEN,CHENNAI,CHENNAI CITY REGION,20,58.63,2.3,yes,48,0.03,3.33,AETN187235,State-based Party,11891,TRUE,1,,,,,,0,FALSE,FALSE,FALSE,10th Pass,Education,,,,State Assembly Election (AE)
Tamil_Nadu,11,22,2016,5,4,0,6,None of the Above,,NOTA,3897,,,171339,292248,VIRUGAMPAKKAM,GEN,CHENNAI,CHENNAI CITY REGION,20,58.63,2.27,,971,0.57,3.33,,NOTA,5897,TRUE,,,,,,,,,,,,,,,,State Assembly Election (AE)
Tamil_Nadu,11,22,2016,5,4,0,7,T.S.RAJENDRAN,M,NTK,2926,52,GEN,171339,292248,VIRUGAMPAKKAM,GEN,CHENNAI,CHENNAI CITY REGION,20,58.63,1.71,yes,2630,1.53,3.33,AETN187236,,5533,TRUE,1,,,,,,0,FALSE,FALSE,FALSE,12th Pass,Business,Real Estate or Builder or Developer or Construction,,,State Assembly Election (AE)
Tamil_Nadu,11,22,2016,5,4,0,8,A.SEENEVASAN,M,KMDK,296,30,GEN,171339,292248,VIRUGAMPAKKAM,GEN,CHENNAI,CHENNAI CITY REGION,20,58.63,0.17,yes,13,0.01,3.33,AETN187237,Local Party,4877,TRUE,1,,,,,,0,FALSE,FALSE,FALSE,12th Pass,Salaried Work or Employed,Managerial Position,,,State Assembly Election (AE)
Tamil_Nadu,11,22,2016,5,4,0,9,DILIP MATHEW JOHN,M,YSP,283,38,GEN,171339,292248,VIRUGAMPAKKAM,GEN,CHENNAI,CHENNAI CITY REGION,20,58.63,0.17,yes,18,0.01,3.33,AETN187238,Local Party,13071,TRUE,1,,,,,,0,FALSE,FALSE,FALSE,,,,,,State Assembly Election (AE)
Tamil_Nadu,11,22,2016,5,4,0,10,B.SENTHIL KUMAR,M,IND,265,33,GEN,171339,292248,VIRUGAMPAKKAM,GEN,CHENNAI,CHENNAI CITY REGION,20,58.63,0.15,yes,47,0.03,3.33,AETN187239,Independents,10809,TRUE,1,,,,,,0,FALSE,FALSE,FALSE,,,,,,State Assembly Election (AE)
Tamil_Nadu,11,22,2016,5,4,0,11,N.RAVI,M,IND,218,46,GEN,171339,292248,VIRUGAMPAKKAM,GEN,CHENNAI,CHENNAI CITY REGION,20,58.63,0.13,yes,42,0.02,3.33,AETN187240,Independents,10809,TRUE,1,,,,,,0,FALSE,FALSE,FALSE,5th Pass,Business,,,,State Assembly Election (AE)
Tamil_Nadu,11,22,2016,5,4,0,12,B.JAYABAL,M,IND,176,45,GEN,171339,292248,VIRUGAMPAKKAM,GEN,CHENNAI,CHENNAI CITY REGION,20,58.63,0.1,yes,21,0.01,3.33,AETN187241,Independents,10809,TRUE,1,,,,,,0,FALSE,FALSE,FALSE,8th Pass,Labourer or Daily Wage,Mechanic,,,State Assembly Election (AE)
Tamil_Nadu,11,22,2016,5,4,0,13,N.NANDHA GOPAL,M,IND,155,35,GEN,171339,292248,VIRUGAMPAKKAM,GEN,CHENNAI,CHENNAI CITY REGION,20,58.63,0.09,yes,29,0.02,3.33,AETN187242,Independents,10809,TRUE,1,,,,,,0,FALSE,FALSE,FALSE,Graduate Professional,Liberal Profession or Professional,Lawyer,,,State Assembly Election (AE)
Tamil_Nadu,11,22,2016,5,4,0,14,D.DHANASEKAR,M,IND,126,44,SC,171339,292248,VIRUGAMPAKKAM,GEN,CHENNAI,CHENNAI CITY REGION,20,58.63,0.07,yes,15,0.01,3.33,AETN187243,Independents,10809,TRUE,1,,,,,,0,FALSE,FALSE,FALSE,8th Pass,Small Business or Self-employed,,,,State Assembly Election (AE)
Tamil_Nadu,11,22,2016,5,4,0,15,S.R.DINESH KUMAR,M,IND,111,28,GEN,171339,292248,VIRUGAMPAKKAM,GEN,CHENNAI,CHENNAI CITY REGION,20,58.63,0.06,yes,9,0.01,3.33,AETN187244,Independents,10809,TRUE,1,,,,,,0,FALSE,FALSE,FALSE,Graduate,Salaried Work or Employed,,,,State Assembly Election (AE)
Tamil_Nadu,11,22,2016,5,4,0,16,S.SELVANATHAN,M,IND,102,34,SC,171339,292248,VIRUGAMPAKKAM,GEN,CHENNAI,CHENNAI CITY REGION,20,58.63,0.06,yes,11,0.01,3.33,AETN187245,Independents,10809,TRUE,1,,,,,,0,FALSE,FALSE,FALSE,,,,,,State Assembly Election (AE)
Tamil_Nadu,11,22,2016,5,4,0,17,K.RAVI,M,IND,91,45,GEN,171339,292248,VIRUGAMPAKKAM,GEN,CHENNAI,CHENNAI CITY REGION,20,58.63,0.05,yes,4,0,3.33,AETN270823,Independents,10809,TRUE,1,,,,,,0,FALSE,FALSE,FALSE,Illiterate,Labourer or Daily Wage,Auto-rickshaw Driver,,,State Assembly Election (AE)
Tamil_Nadu,11,22,2016,5,4,0,18,M.S.S.SUDHIR THEJA,M,IND,87,26,GEN,171339,292248,VIRUGAMPAKKAM,GEN,CHENNAI,CHENNAI CITY REGION,20,58.63,0.05,yes,29,0.02,3.33,AETN187247,Independents,10809,TRUE,1,,,,,,0,FALSE,FALSE,FALSE,10th Pass,Salaried Work or Employed,,,,State Assembly Election (AE)
Tamil_Nadu,11,22,2016,5,4,0,19,P. ESSAKIMUTHU,M,IND,58,60,GEN,171339,292248,VIRUGAMPAKKAM,GEN,CHENNAI,CHENNAI CITY REGION,20,58.63,0.03,yes,3,0,3.33,AETN187248,Independents,10809,TRUE,1,,,,,,0,FALSE,FALSE,FALSE,Illiterate,Business,,,,State Assembly Election (AE)
Tamil_Nadu,11,22,2016,5,4,0,20,G.RAJENDRAN,M,IND,55,39,SC,171339,292248,VIRUGAMPAKKAM,GEN,CHENNAI,CHENNAI CITY REGION,20,58.63,0.03,yes,29,0.02,3.33,AETN187249,Independents,10809,TRUE,1,,,,,,0,FALSE,FALSE,FALSE,8th Pass,Labourer or Daily Wage,,,,State Assembly Election (AE)
Tamil_Nadu,11,22,2016,5,4,0,21,S.KUMAR,M,IND,26,47,SC,171339,292248,VIRUGAMPAKKAM,GEN,CHENNAI,CHENNAI CITY REGION,20,58.63,0.02,yes,0,0,3.33,AETN187250,Independents,10809,TRUE,1,,,,,,0,FALSE,FALSE,FALSE,12th Pass,Liberal Profession or Professional,Consultant,,,State Assembly Election (AE)
Tamil_Nadu,11,23,2016,5,4,0,1,SUBRAMANIAN.MA,M,DMK,79279,56,GEN,168018,282052,SAIDAPET,GEN,CHENNAI,CHENNAI CITY REGION,22,59.57,47.18,no,16255,9.67,2.78,AETN196363,State-based Party,10192,TRUE,2,DMK,10192,SAIDAPET,TRUE,TRUE,1,FALSE,FALSE,FALSE,Graduate Professional,Liberal Profession or Professional,Lawyer,,,State Assembly Election (AE)
Tamil_Nadu,11,23,2016,5,4,0,2,PONNAYAN.C,M,ADMK,63024,74,GEN,168018,282052,SAIDAPET,GEN,CHENNAI,CHENNAI CITY REGION,22,59.57,37.51,no,57024,33.94,2.78,AETN187252,State-based Party,930,TRUE,1,,,,,,0,FALSE,FALSE,FALSE,,,,,,State Assembly Election (AE)
Tamil_Nadu,11,23,2016,5,4,0,3,KALIDASS.V,M,BJP,6000,51,GEN,168018,282052,SAIDAPET,GEN,CHENNAI,CHENNAI CITY REGION,22,59.57,3.57,yes,87,0.05,2.78,AETN187253,National Party,1605,TRUE,2,BJP,1605,SAIDAPET,TRUE,TRUE,0,FALSE,FALSE,TRUE,12th Pass,Small Business or Self-employed,Shop Keeper,,,State Assembly Election (AE)
Tamil_Nadu,11,23,2016,5,4,0,4,SAHADEVAN.T.R.,M,PMK,5913,44,GEN,168018,282052,SAIDAPET,GEN,CHENNAI,CHENNAI CITY REGION,22,59.57,3.52,yes,692,0.41,2.78,AETN187254,State-based Party,11891,TRUE,1,,,,,,0,FALSE,FALSE,FALSE,,,,,,State Assembly Election (AE)
Tamil_Nadu,11,23,2016,5,4,0,5,ELUMALAI.S,M,CPI,5221,59,GEN,168018,282052,SAIDAPET,GEN,CHENNAI,CHENNAI CITY REGION,22,59.57,3.11,yes,1680,1,2.78,AETN187255,State-based Party (Other State),2444,TRUE,1,,,,,,0,FALSE,FALSE,FALSE,8th Pass,Social Work,Activist,,,State Assembly Election (AE)
Tamil_Nadu,11,23,2016,5,4,0,6,None of the Above,,NOTA,3541,,,168018,282052,SAIDAPET,GEN,CHENNAI,CHENNAI CITY REGION,22,59.57,2.11,,816,0.49,2.78,,NOTA,5897,TRUE,,,,,,,,,,,,,,,,State Assembly Election (AE)
Tamil_Nadu,11,23,2016,5,4,0,7,MANOHARAN.M,M,NTK,2725,34,GEN,168018,282052,SAIDAPET,GEN,CHENNAI,CHENNAI CITY REGION,22,59.57,1.62,yes,2395,1.43,2.78,AETN187256,,5533,TRUE,1,,,,,,0,FALSE,FALSE,FALSE,,Other,,,,State Assembly Election (AE)
Tamil_Nadu,11,23,2016,5,4,0,8,MURUGESAN.S,M,BSP,330,39,SC,168018,282052,SAIDAPET,GEN,CHENNAI,CHENNAI CITY REGION,22,59.57,0.2,yes,79,0.05,2.78,AETN187257,State-based Party (Other State),16651,TRUE,1,,,,,,0,FALSE,FALSE,FALSE,8th Pass,Labourer or Daily Wage,,,,State Assembly Election (AE)
Tamil_Nadu,11,23,2016,5,4,0,9,GOKULARAJAN.C,M,IND,251,37,GEN,168018,282052,SAIDAPET,GEN,CHENNAI,CHENNAI CITY REGION,22,59.57,0.15,yes,26,0.02,2.78,AETN187258,Independents,10809,TRUE,1,,,,,,0,FALSE,FALSE,FALSE,Graduate,Business,,,,State Assembly Election (AE)
Tamil_Nadu,11,23,2016,5,4,0,10,SUBRAMANI.M,M,IND,225,61,GEN,168018,282052,SAIDAPET,GEN,CHENNAI,CHENNAI CITY REGION,22,59.57,0.13,yes,18,0.01,2.78,AETN187259,Independents,10809,TRUE,1,,,,,,0,FALSE,FALSE,FALSE,Illiterate,Other,,,,State Assembly Election (AE)
Tamil_Nadu,11,23,2016,5,4,0,11,VISHNURAM.M,M,YSP,207,42,GEN,168018,282052,SAIDAPET,GEN,CHENNAI,CHENNAI CITY REGION,22,59.57,0.12,yes,16,0.01,2.78,AETN187260,Local Party,13071,TRUE,1,,,,,,0,FALSE,FALSE,FALSE,,,,,,State Assembly Election (AE)
Tamil_Nadu,11,23,2016,5,4,0,12,MOHANA.N,F,IND,191,35,SC,168018,282052,SAIDAPET,GEN,CHENNAI,CHENNAI CITY REGION,22,59.57,0.11,yes,27,0.02,2.78,AETN187261,Independents,10809,TRUE,1,,,,,,0,FALSE,FALSE,FALSE,,,,,,State Assembly Election (AE)
Tamil_Nadu,11,23,2016,5,4,0,13,MEENA.P,F,IND,164,51,GEN,168018,282052,SAIDAPET,GEN,CHENNAI,CHENNAI CITY REGION,22,59.57,0.1,yes,12,0.01,2.78,AETN187262,Independents,10809,TRUE,1,,,,,,0,FALSE,FALSE,FALSE,,,,,,State Assembly Election (AE)
Tamil_Nadu,11,23,2016,5,4,0,14,CHINNADURAI.V,M,IND,152,46,GEN,168018,282052,SAIDAPET,GEN,CHENNAI,CHENNAI CITY REGION,22,59.57,0.09,yes,12,0.01,2.78,AETN187263,Independents,10809,TRUE,1,,,,,,0,FALSE,FALSE,FALSE,12th Pass,Small Business or Self-employed,Self-employed,,,State Assembly Election (AE)
Tamil_Nadu,11,23,2016,5,4,0,15,ANAND.V,M,IND,140,31,GEN,168018,282052,SAIDAPET,GEN,CHENNAI,CHENNAI CITY REGION,22,59.57,0.08,yes,17,0.01,2.78,AETN187264,Independents,10809,TRUE,1,,,,,,0,FALSE,FALSE,FALSE,8th Pass,Business,Contractor,,,State Assembly Election (AE)
Tamil_Nadu,11,23,2016,5,4,0,16,VISHNURAM.S,M,IND,123,32,GEN,168018,282052,SAIDAPET,GEN,CHENNAI,CHENNAI CITY REGION,22,59.57,0.07,yes,28,0.02,2.78,AETN187265,Independents,10809,TRUE,1,,,,,,0,FALSE,FALSE,FALSE,Post Graduate,Liberal Profession or Professional,Lawyer,,,State Assembly Election (AE)
Tamil_Nadu,11,23,2016,5,4,0,17,THOMAS.C,M,LJP,95,40,GEN,168018,282052,SAIDAPET,GEN,CHENNAI,CHENNAI CITY REGION,22,59.57,0.06,yes,1,0,2.78,AETN187266,State-based Party (Other State),5029,TRUE,1,,,,,,0,FALSE,FALSE,FALSE,8th Pass,Other,,,,State Assembly Election (AE)
Tamil_Nadu,11,23,2016,5,4,0,18,SOUNDARJAN.C,M,IND,94,42,SC,168018,282052,SAIDAPET,GEN,CHENNAI,CHENNAI CITY REGION,22,59.57,0.06,yes,7,0,2.78,AETN187267,Independents,10809,TRUE,1,,,,,,0,FALSE,FALSE,FALSE,8th Pass,Labourer or Daily Wage,Auto-rickshaw Driver,,,State Assembly Election (AE)
Tamil_Nadu,11,23,2016,5,4,0,19,PARTHIBAN.S,M,IND,87,49,GEN,168018,282052,SAIDAPET,GEN,CHENNAI,CHENNAI CITY REGION,22,59.57,0.05,yes,2,0,2.78,AETN187268,Independents,10809,TRUE,1,,,,,,0,FALSE,FALSE,FALSE,10th Pass,Business,,,,State Assembly Election (AE)
Tamil_Nadu,11,23,2016,5,4,0,20,SHANKAR.E,M,IND,85,25,SC,168018,282052,SAIDAPET,GEN,CHENNAI,CHENNAI CITY REGION,22,59.57,0.05,yes,17,0.01,2.78,AETN187269,Independents,10809,TRUE,1,,,,,,0,FALSE,FALSE,FALSE,10th Pass,Labourer or Daily Wage,Coolie,,,State Assembly Election (AE)
Tamil_Nadu,11,23,2016,5,4,0,21,SUBARAMANI.K,M,IND,68,69,GEN,168018,282052,SAIDAPET,GEN,CHENNAI,CHENNAI CITY REGION,22,59.57,0.04,yes,16,0.01,2.78,AETN187270,Independents,10809,TRUE,1,,,,,,0,FALSE,FALSE,FALSE,8th Pass,Labourer or Daily Wage,Coolie,,,State Assembly Election (AE)
Tamil_Nadu,11,23,2016,5,4,0,22,KANDASAMY.R,M,IND,52,48,GEN,168018,282052,SAIDAPET,GEN,CHENNAI,CHENNAI CITY REGION,22,59.57,0.03,yes,1,0,2.78,AETN187271,Independents,10809,TRUE,1,,,,,,0,FALSE,FALSE,FALSE,8th Pass,Labourer or Daily Wage,,,,State Assembly Election (AE)
Tamil_Nadu,11,23,2016,5,4,0,23,RAJASEKAR.T,M,IND,51,49,GEN,168018,282052,SAIDAPET,GEN,CHENNAI,CHENNAI CITY REGION,22,59.57,0.03,yes,0,0,2.78,AETN190915,Independents,10809,TRUE,2,IND,10809,SAIDAPET,TRUE,TRUE,0,FALSE,FALSE,TRUE,Graduate,Education,School Teacher,,,State Assembly Election (AE)
Tamil_Nadu,11,24,2016,5,4,0,1,SATHYANARAYANAN.B,M,ADMK,53207,52,GEN,141982,245101,THEAYAGARAYA NAGAR,GEN,CHENNAI,CHENNAI CITY REGION,19,57.93,37.47,no,3155,2.22,3.57,AETN187273,State-based Party,930,TRUE,1,,,,,,1,FALSE,FALSE,FALSE,,,,,,State Assembly Election (AE)
Tamil_Nadu,11,24,2016,5,4,0,2,DR.N.S.KANIMOZHI,F,DMK,50052,42,GEN,141982,245101,THEAYAGARAYA NAGAR,GEN,CHENNAI,CHENNAI CITY REGION,19,57.93,35.25,no,30164,21.24,3.57,AETN187274,State-based Party,10192,TRUE,2,DMK,10192,MADAVARAM,FALSE,TRUE,0,FALSE,FALSE,TRUE,Post Graduate,Liberal Profession or Professional,Doctor,Salaried Work or Employed,Medical Professional,State Assembly Election (AE)
Tamil_Nadu,11,24,2016,5,4,0,3,RAJA.H,M,BJP,19888,58,GEN,141982,245101,THEAYAGARAYA NAGAR,GEN,CHENNAI,CHENNAI CITY REGION,19,57.93,14.01,yes,13678,9.63,3.57,GETN71552,National Party,1605,TRUE,3,BJP,1605,ALANDUR,FALSE,TRUE,1,FALSE,FALSE,FALSE,Graduate Professional,Small Business or Self-employed,Self-employed,,,State Assembly Election (AE)
Tamil_Nadu,11,24,2016,5,4,0,4,KUMAR.V,M,DMDK,6210,47,GEN,141982,245101,THEAYAGARAYA NAGAR,GEN,CHENNAI,CHENNAI CITY REGION,19,57.93,4.37,yes,1139,0.8,3.57,AETN187276,State-based Party,2956,TRUE,1,,,,,,0,FALSE,FALSE,FALSE,8th Pass,Business,,,,State Assembly Election (AE)
Tamil_Nadu,11,24,2016,5,4,0,5,VINOTH.V,M,PMK,5071,34,GEN,141982,245101,THEAYAGARAYA NAGAR,GEN,CHENNAI,CHENNAI CITY REGION,19,57.93,3.57,yes,1501,1.06,3.57,AETN272700,State-based Party,11891,TRUE,1,,,,,,0,FALSE,FALSE,FALSE,Graduate,Business,Agricultural Business,,,State Assembly Election (AE)
Tamil_Nadu,11,24,2016,5,4,0,6,None of the Above,,NOTA,3570,,,141982,245101,THEAYAGARAYA NAGAR,GEN,CHENNAI,CHENNAI CITY REGION,19,57.93,2.51,,1498,1.06,3.57,,NOTA,5897,TRUE,,,,,,,,,,,,,,,,State Assembly Election (AE)
Tamil_Nadu,11,24,2016,5,4,0,7,PADMANAPAN,M,NTK,2072,45,GEN,141982,245101,THEAYAGARAYA NAGAR,GEN,CHENNAI,CHENNAI CITY REGION,19,57.93,1.46,yes,1692,1.19,3.57,AETN187278,,5533,TRUE,1,,,,,,0,FALSE,FALSE,FALSE,,,,,,State Assembly Election (AE)
Tamil_Nadu,11,24,2016,5,4,0,8,NAGADASS.K,M,BSP,380,49,SC,141982,245101,THEAYAGARAYA NAGAR,GEN,CHENNAI,CHENNAI CITY REGION,19,57.93,0.27,yes,57,0.04,3.57,AETN190934,State-based Party (Other State),16651,TRUE,2,BSP,16651,THIYAGARAYANAGAR,TRUE,TRUE,0,FALSE,FALSE,TRUE,5th Pass,Other,,,,State Assembly Election (AE)
Tamil_Nadu,11,24,2016,5,4,0,9,MAHESH.K,M,YSP,323,37,GEN,141982,245101,THEAYAGARAYA NAGAR,GEN,CHENNAI,CHENNAI CITY REGION,19,57.93,0.23,yes,93,0.07,3.57,AETN187280,Local Party,13071,TRUE,1,,,,,,0,FALSE,FALSE,FALSE,,,,,,State Assembly Election (AE)
Tamil_Nadu,11,24,2016,5,4,0,10,E. DINAKARAN,M,IND,230,47,SC,141982,245101,THEAYAGARAYA NAGAR,GEN,CHENNAI,CHENNAI CITY REGION,19,57.93,0.16,yes,33,0.02,3.57,AETN187281,Independents,10809,TRUE,1,,,,,,0,FALSE,FALSE,FALSE,5th Pass,Politics,Party Worker,,,State Assembly Election (AE)
Tamil_Nadu,11,24,2016,5,4,0,11,AUGUSTIN.R.J,M,GMI,197,32,GEN,141982,245101,THEAYAGARAYA NAGAR,GEN,CHENNAI,CHENNAI CITY REGION,19,57.93,0.14,yes,4,0,3.57,AETN187282,Local Party,3070,TRUE,1,,,,,,0,FALSE,FALSE,FALSE,Graduate,Salaried Work or Employed,Managerial Position,,,State Assembly Election (AE)
Tamil_Nadu,11,24,2016,5,4,0,12,T. PANDIARAJAN,M,IND,193,55,GEN,141982,245101,THEAYAGARAYA NAGAR,GEN,CHENNAI,CHENNAI CITY REGION,19,57.93,0.14,yes,80,0.06,3.57,AETN187283,Independents,10809,TRUE,1,,,,,,0,FALSE,FALSE,FALSE,,,,,,State Assembly Election (AE)
Tamil_Nadu,11,24,2016,5,4,0,13,HARIRAJAN.M,M,IND,113,29,SC,141982,245101,THEAYAGARAYA NAGAR,GEN,CHENNAI,CHENNAI CITY REGION,19,57.93,0.08,yes,2,0,3.57,AETN187284,Independents,10809,TRUE,1,,,,,,0,FALSE,FALSE,FALSE,Graduate Professional,Salaried Work or Employed,Engineer,,,State Assembly Election (AE)
Tamil_Nadu,11,24,2016,5,4,0,14,N.REEGAN,M,IND,111,28,GEN,141982,245101,THEAYAGARAYA NAGAR,GEN,CHENNAI,CHENNAI CITY REGION,19,57.93,0.08,yes,23,0.02,3.57,AETN187285,Independents,10809,TRUE,1,,,,,,0,FALSE,FALSE,FALSE,,,,,,State Assembly Election (AE)
Tamil_Nadu,11,24,2016,5,4,0,15,P. TAMILMANI,M,IND,88,32,SC,141982,245101,THEAYAGARAYA NAGAR,GEN,CHENNAI,CHENNAI CITY REGION,19,57.93,0.06,yes,9,0.01,3.57,AETN187286,Independents,10809,TRUE,1,,,,,,0,FALSE,FALSE,FALSE,8th Pass,Labourer or Daily Wage,Coolie,,,State Assembly Election (AE)
Tamil_Nadu,11,24,2016,5,4,0,16,RAMANAN.A,M,SHS,79,65,SC,141982,245101,THEAYAGARAYA NAGAR,GEN,CHENNAI,CHENNAI CITY REGION,19,57.93,0.06,yes,24,0.02,3.57,AETN187287,State-based Party (Other State),18691,TRUE,1,,,,,,0,FALSE,FALSE,FALSE,10th Pass,Former Government,Ex Govt Employee,,,State Assembly Election (AE)
Tamil_Nadu,11,24,2016,5,4,0,17,KARTHIK.M,M,IND,55,27,SC,141982,245101,THEAYAGARAYA NAGAR,GEN,CHENNAI,CHENNAI CITY REGION,19,57.93,0.04,yes,5,0,3.57,AETN187288,Independents,10809,TRUE,1,,,,,,0,FALSE,FALSE,FALSE,,,,,,State Assembly Election (AE)
Tamil_Nadu,11,24,2016,5,4,0,18,H.DHANASEKAR,M,IND,50,35,SC,141982,245101,THEAYAGARAYA NAGAR,GEN,CHENNAI,CHENNAI CITY REGION,19,57.93,0.04,yes,1,0,3.57,AETN187289,Independents,10809,TRUE,1,,,,,,0,FALSE,FALSE,FALSE,,,,,,State Assembly Election (AE)
Tamil_Nadu,11,24,2016,5,4,0,19,M. SRINIVASAN,M,IND,49,36,GEN,141982,245101,THEAYAGARAYA NAGAR,GEN,CHENNAI,CHENNAI CITY REGION,19,57.93,0.03,yes,5,0,3.57,AETN187290,Independents,10809,TRUE,2,IND,10809,THIYAGARAYANAGAR,TRUE,TRUE,0,FALSE,FALSE,TRUE,Graduate Professional,Liberal Profession or Professional,Lawyer,,,State Assembly Election (AE)
Tamil_Nadu,11,24,2016,5,4,0,20,KUMAR SRISRI.B,M,IND,44,39,GEN,141982,245101,THEAYAGARAYA NAGAR,GEN,CHENNAI,CHENNAI CITY REGION,19,57.93,0.03,yes,0,0,3.57,AETN187291,Independents,10809,TRUE,1,,,,,,0,FALSE,FALSE,FALSE,,,,,,State Assembly Election (AE)
Tamil_Nadu,11,25,2016,5,4,0,1,NATARAJ.R IPS (RTD),M,ADMK,68176,65,GEN,156132,262980,MYLAPORE,GEN,CHENNAI,CHENNAI CITY REGION,25,59.37,43.67,no,14728,9.43,3.12,AETN187292,State-based Party,930,TRUE,1,,,,,,1,FALSE,FALSE,FALSE,,,,,,State Assembly Election (AE)
Tamil_Nadu,11,25,2016,5,4,0,2,KARATE THIAGARAJAN.R,M,INC,53448,51,GEN,156132,262980,MYLAPORE,GEN,CHENNAI,CHENNAI CITY REGION,25,59.37,34.23,no,41728,26.73,3.12,AETN187293,National Party,3482,TRUE,1,,,,,,0,FALSE,FALSE,FALSE,12th Pass,Business,"Real Estate or Builder or Developer or Construction, Private Company",,,State Assembly Election (AE)
Tamil_Nadu,11,25,2016,5,4,0,3,NAGARAJAN.K,M,BJP,11720,56,GEN,156132,262980,MYLAPORE,GEN,CHENNAI,CHENNAI CITY REGION,25,59.37,7.51,yes,5914,3.79,3.12,AETN187294,National Party,1605,TRUE,1,,,,,,0,FALSE,FALSE,FALSE,12th Pass,Salaried Work or Employed,Qualified Professional,,,State Assembly Election (AE)
Tamil_Nadu,11,25,2016,5,4,0,4,SURESHKUMAR.N,M,PMK,5806,29,GEN,156132,262980,MYLAPORE,GEN,CHENNAI,CHENNAI CITY REGION,25,59.37,3.72,yes,1053,0.67,3.12,AETN187295,State-based Party,11891,TRUE,1,,,,,,0,FALSE,FALSE,FALSE,Graduate Professional,Education,Home Teacher or Tuition,,,State Assembly Election (AE)
Tamil_Nadu,11,25,2016,5,4,0,5,MUNAVAR BASHA A.S,M,TMC(M),4753,62,GEN,156132,262980,MYLAPORE,GEN,CHENNAI,CHENNAI CITY REGION,25,59.37,3.04,yes,965,0.62,3.12,AETN187296,Local Party,8247,TRUE,1,,,,,,0,FALSE,FALSE,FALSE,Graduate,Business,,,,State Assembly Election (AE)
Tamil_Nadu,11,25,2016,5,4,0,6,None of the Above,,NOTA,3788,,,156132,262980,MYLAPORE,GEN,CHENNAI,CHENNAI CITY REGION,25,59.37,2.43,,1432,0.92,3.12,,NOTA,5897,TRUE,,,,,,,,,,,,,,,,State Assembly Election (AE)
Tamil_Nadu,11,25,2016,5,4,0,7,SUDHAKAR.S.,M,NTK,2356,36,GEN,156132,262980,MYLAPORE,GEN,CHENNAI,CHENNAI CITY REGION,25,59.37,1.51,yes,592,0.38,3.12,AETN187297,,5533,TRUE,1,,,,,,0,FALSE,FALSE,FALSE,Graduate,Religious Occupation,,,,State Assembly Election (AE)
Tamil_Nadu,11,25,2016,5,4,0,8,SATHYAA DURRAIRAJH,F,IND,1764,30,GEN,156132,262980,MYLAPORE,GEN,CHENNAI,CHENNAI CITY REGION,25,59.37,1.13,yes,535,0.34,3.12,AETN187298,Independents,10809,TRUE,1,,,,,,0,FALSE,FALSE,FALSE,Post Graduate,Salaried Work or Employed,,,,State Assembly Election (AE)
Tamil_Nadu,11,25,2016,5,4,0,9,RAMASWAMY.K.R @TRAFFIC RAMASWAMY,M,IND,1229,82,GEN,156132,262980,MYLAPORE,GEN,CHENNAI,CHENNAI CITY REGION,25,59.37,0.79,yes,212,0.14,3.12,AETN272707,Independents,10809,TRUE,1,,,,,,0,FALSE,FALSE,FALSE,,,,,,State Assembly Election (AE)
Tamil_Nadu,11,25,2016,5,4,0,10,SATHYANARAYANAN .S @MYLAI SHATHYA,M,IND,1017,44,GEN,156132,262980,MYLAPORE,GEN,CHENNAI,CHENNAI CITY REGION,25,59.37,0.65,yes,599,0.38,3.12,AETN187300,Independents,10809,TRUE,1,,,,,,0,FALSE,FALSE,FALSE,,,,,,State Assembly Election (AE)
Tamil_Nadu,11,25,2016,5,4,0,11,SIVAKUMAR.R,M,IND,418,38,SC,156132,262980,MYLAPORE,GEN,CHENNAI,CHENNAI CITY REGION,25,59.37,0.27,yes,89,0.06,3.12,AETN187301,Independents,10809,TRUE,1,,,,,,0,FALSE,FALSE,FALSE,,,,,,State Assembly Election (AE)
Tamil_Nadu,11,25,2016,5,4,0,12,BALAJI.V,M,BSP,329,36,SC,156132,262980,MYLAPORE,GEN,CHENNAI,CHENNAI CITY REGION,25,59.37,0.21,yes,132,0.08,3.12,AETN187302,State-based Party (Other State),16651,TRUE,1,,,,,,0,FALSE,FALSE,FALSE,12th Pass,Other,,,,State Assembly Election (AE)
Tamil_Nadu,11,25,2016,5,4,0,13,ANAND.N,M,IND,197,46,GEN,156132,262980,MYLAPORE,GEN,CHENNAI,CHENNAI CITY REGION,25,59.37,0.13,yes,17,0.01,3.12,AETN187303,Independents,10809,TRUE,1,,,,,,0,FALSE,FALSE,FALSE,,,,,,State Assembly Election (AE)
Tamil_Nadu,11,25,2016,5,4,0,14,DHANANJAYAN. T.S,M,IND,180,45,GEN,156132,262980,MYLAPORE,GEN,CHENNAI,CHENNAI CITY REGION,25,59.37,0.12,yes,9,0.01,3.12,AETN272226,Independents,10809,TRUE,1,,,,,,0,FALSE,FALSE,FALSE,,,,,,State Assembly Election (AE)
Tamil_Nadu,11,25,2016,5,4,0,15,SHEELA.S,F,IND,171,46,GEN,156132,262980,MYLAPORE,GEN,CHENNAI,CHENNAI CITY REGION,25,59.37,0.11,yes,44,0.03,3.12,AETN187305,Independents,10809,TRUE,1,,,,,,0,FALSE,FALSE,FALSE,,,,,,State Assembly Election (AE)
Tamil_Nadu,11,25,2016,5,4,0,16,GOVINDARAJULU.M,M,YSP,127,76,GEN,156132,262980,MYLAPORE,GEN,CHENNAI,CHENNAI CITY REGION,25,59.37,0.08,yes,22,0.01,3.12,AETN187306,Local Party,13071,TRUE,1,,,,,,0,FALSE,FALSE,FALSE,,,,,,State Assembly Election (AE)
Tamil_Nadu,11,25,2016,5,4,0,17,VIJAYAKRISHNA.V,M,SHS,105,38,GEN,156132,262980,MYLAPORE,GEN,CHENNAI,CHENNAI CITY REGION,25,59.37,0.07,yes,19,0.01,3.12,AETN187307,State-based Party (Other State),18691,TRUE,1,,,,,,0,FALSE,FALSE,FALSE,Post Graduate,Salaried Work or Employed,Managerial Position,,,State Assembly Election (AE)
Tamil_Nadu,11,25,2016,5,4,0,18,KUPPAL DEVADOSS.G,M,IND,86,61,GEN,156132,262980,MYLAPORE,GEN,CHENNAI,CHENNAI CITY REGION,25,59.37,0.06,yes,7,0,3.12,GETN271790,Independents,10809,TRUE,1,,,,,,0,FALSE,FALSE,FALSE,,,,,,State Assembly Election (AE)
Tamil_Nadu,11,25,2016,5,4,0,19,LOGANATHAN,M,IND,79,63,GEN,156132,262980,MYLAPORE,GEN,CHENNAI,CHENNAI CITY REGION,25,59.37,0.05,yes,2,0,3.12,AETN187309,Independents,10809,TRUE,1,,,,,,0,FALSE,FALSE,FALSE,Graduate Professional,Education,Principal or Administrator,,,State Assembly Election (AE)
Tamil_Nadu,11,25,2016,5,4,0,20,MOHANRAJ J,M,JJ,77,63,GEN,156132,262980,MYLAPORE,GEN,CHENNAI,CHENNAI CITY REGION,25,59.37,0.05,yes,10,0.01,3.12,AETN190722,Local Party,11062,TRUE,4,JJ,11062,DR. RADHAKRISHNAN NAGAR,FALSE,TRUE,0,FALSE,FALSE,TRUE,Graduate,Retired or Pension,,Politics,Party Worker,State Assembly Election (AE)
Tamil_Nadu,11,25,2016,5,4,0,21,NELLAI JEBAMANI.E,M,PPIS,67,65,GEN,156132,262980,MYLAPORE,GEN,CHENNAI,CHENNAI CITY REGION,25,59.37,0.04,yes,9,0.01,3.12,AETN187311,Local Party,6057,TRUE,1,,,,,,0,FALSE,FALSE,FALSE,Post Graduate,Small Business or Self-employed,Self-employed,,,State Assembly Election (AE)
Tamil_Nadu,11,25,2016,5,4,0,22,JOSHUA GERARD,M,IND,58,27,GEN,156132,262980,MYLAPORE,GEN,CHENNAI,CHENNAI CITY REGION,25,59.37,0.04,yes,0,0,3.12,AETN187312,Independents,10809,TRUE,1,,,,,,0,FALSE,FALSE,FALSE,Graduate Professional,Business,Real Estate or Builder or Developer or Construction,,,State Assembly Election (AE)
Tamil_Nadu,11,25,2016,5,4,0,23,ARUNRAJ BALAN,M,IND,58,26,GEN,156132,262980,MYLAPORE,GEN,CHENNAI,CHENNAI CITY REGION,25,59.37,0.04,yes,7,0,3.12,AETN187313,Independents,10809,TRUE,1,,,,,,0,FALSE,FALSE,FALSE,Graduate Professional,Salaried Work or Employed,,,,State Assembly Election (AE)
Tamil_Nadu,11,25,2016,5,4,0,24,RAMADOSS. P,M,IND,51,27,GEN,156132,262980,MYLAPORE,GEN,CHENNAI,CHENNAI CITY REGION,25,59.37,0.03,yes,6,0,3.12,AETN187314,Independents,10809,TRUE,1,,,,,,0,FALSE,FALSE,FALSE,,,,,,State Assembly Election (AE)
Tamil_Nadu,11,25,2016,5,4,0,25,SHANMUGARAJAN.B,M,IND,45,65,GEN,156132,262980,MYLAPORE,GEN,CHENNAI,CHENNAI CITY REGION,25,59.37,0.03,yes,18,0.01,3.12,AETN187315,Independents,10809,TRUE,1,,,,,,0,FALSE,FALSE,FALSE,,,,,,State Assembly Election (AE)
Tamil_Nadu,11,25,2016,5,4,0,26,BALAKRISHNAN.K,M,IND,27,58,GEN,156132,262980,MYLAPORE,GEN,CHENNAI,CHENNAI CITY REGION,25,59.37,0.02,yes,0,0,3.12,AETN187316,Independents,10809,TRUE,1,,,,,,0,FALSE,FALSE,FALSE,,,,,,State Assembly Election (AE)
Tamil_Nadu,11,26,2016,5,4,0,1,VAGAI CHANDERASEKAR,M,DMK,70139,59,GEN,175522,300891,VELACHERY,GEN,CHENNAI,CHENNAI CITY REGION,25,58.33,39.96,no,8872,5.05,3.45,AETN187317,State-based Party,10192,TRUE,1,,,,,,1,FALSE,FALSE,FALSE,10th Pass,Business,,Liberal Profession or Professional,Actor,State Assembly Election (AE)
Tamil_Nadu,11,26,2016,5,4,0,2,C MUNUSAMY,M,ADMK,61267,54,GEN,175522,300891,VELACHERY,GEN,CHENNAI,CHENNAI CITY REGION,25,58.33,34.91,no,46795,26.66,3.45,AETN187318,State-based Party,930,TRUE,1,,,,,,0,FALSE,FALSE,FALSE,,,,,,State Assembly Election (AE)
Tamil_Nadu,11,26,2016,5,4,0,3,P SRITHARAN,M,BJP,14472,49,GEN,175522,300891,VELACHERY,GEN,CHENNAI,CHENNAI CITY REGION,25,58.33,8.25,yes,4818,2.74,3.45,AETN187319,National Party,1605,TRUE,2,BJP,1605,VIRUGAMPAKKAM,FALSE,TRUE,0,FALSE,FALSE,TRUE,Others,Business,Rent,,,State Assembly Election (AE)
Tamil_Nadu,11,26,2016,5,4,0,4,V N RAJAN,M,DMDK,9654,47,GEN,175522,300891,VELACHERY,GEN,CHENNAI,CHENNAI CITY REGION,25,58.33,5.5,yes,2845,1.62,3.45,AETN193607,State-based Party,2956,TRUE,2,DMDK,2956,MYLAPORE,FALSE,TRUE,0,FALSE,FALSE,FALSE,Graduate,Business,,,,State Assembly Election (AE)
Tamil_Nadu,11,26,2016,5,4,0,5,VINOBA BHOOPATHY,M,PMK,6809,34,GEN,175522,300891,VELACHERY,GEN,CHENNAI,CHENNAI CITY REGION,25,58.33,3.88,yes,2584,1.47,3.45,AETN187321,State-based Party,11891,TRUE,1,,,,,,0,FALSE,FALSE,FALSE,Graduate Professional,Liberal Profession or Professional,Lawyer,,,State Assembly Election (AE)
Tamil_Nadu,11,26,2016,5,4,0,6,None of the Above,,NOTA,4225,,,175522,300891,VELACHERY,GEN,CHENNAI,CHENNAI CITY REGION,25,58.33,2.41,,214,0.12,3.45,,NOTA,5897,TRUE,,,,,,,,,,,,,,,,State Assembly Election (AE)
Tamil_Nadu,11,26,2016,5,4,0,7,N CHANDRASEKARAN,M,NTK,4011,58,GEN,175522,300891,VELACHERY,GEN,CHENNAI,CHENNAI CITY REGION,25,58.33,2.29,yes,1534,0.87,3.45,AETN187322,,5533,TRUE,1,,,,,,0,FALSE,FALSE,FALSE,Graduate,Liberal Profession or Professional,Lawyer,,,State Assembly Election (AE)
Tamil_Nadu,11,26,2016,5,4,0,8,RAJA KRISHNAMOORTHY @ KITTY,M,IND,2477,63,GEN,175522,300891,VELACHERY,GEN,CHENNAI,CHENNAI CITY REGION,25,58.33,1.41,yes,1970,1.12,3.45,AETN187323,Independents,10809,TRUE,1,,,,,,0,FALSE,FALSE,FALSE,Post Graduate,Liberal Profession or Professional,Actor,Salaried Work or Employed,Qualified Professional,State Assembly Election (AE)
Tamil_Nadu,11,26,2016,5,4,0,9,SUDARSAN RAJAN,M,IND,507,25,GEN,175522,300891,VELACHERY,GEN,CHENNAI,CHENNAI CITY REGION,25,58.33,0.29,yes,233,0.13,3.45,AETN187324,Independents,10809,TRUE,1,,,,,,0,FALSE,FALSE,FALSE,Post Graduate,Business,,,,State Assembly Election (AE)
Tamil_Nadu,11,26,2016,5,4,0,10,S SUNDARAJAN,M,IND,274,39,GEN,175522,300891,VELACHERY,GEN,CHENNAI,CHENNAI CITY REGION,25,58.33,0.16,yes,39,0.02,3.45,AETN187325,Independents,10809,TRUE,1,,,,,,0,FALSE,FALSE,FALSE,Graduate,Traditional Occupation,Traditional Medicine,,,State Assembly Election (AE)
Tamil_Nadu,11,26,2016,5,4,0,11,SELVAKUMAR,M,GAPP,235,27,GEN,175522,300891,VELACHERY,GEN,CHENNAI,CHENNAI CITY REGION,25,58.33,0.13,yes,10,0.01,3.45,AETN187326,Local Party,3071,TRUE,1,,,,,,0,FALSE,FALSE,FALSE,Post Graduate,Unemployed,,,,State Assembly Election (AE)
Tamil_Nadu,11,26,2016,5,4,0,12,P RAVIKUMAR,M,IND,225,44,GEN,175522,300891,VELACHERY,GEN,CHENNAI,CHENNAI CITY REGION,25,58.33,0.13,yes,8,0,3.45,AETN187327,Independents,10809,TRUE,1,,,,,,0,FALSE,FALSE,FALSE,,,,,,State Assembly Election (AE)
Tamil_Nadu,11,26,2016,5,4,0,13,C SUNDARAM,M,IND,217,39,GEN,175522,300891,VELACHERY,GEN,CHENNAI,CHENNAI CITY REGION,25,58.33,0.12,yes,56,0.03,3.45,AETN187328,Independents,10809,TRUE,1,,,,,,0,FALSE,FALSE,FALSE,12th Pass,Business,Real Estate or Builder or Developer or Construction,,,State Assembly Election (AE)
Tamil_Nadu,11,26,2016,5,4,0,14,R UMASHANKAR,M,IND,161,57,GEN,175522,300891,VELACHERY,GEN,CHENNAI,CHENNAI CITY REGION,25,58.33,0.09,yes,14,0.01,3.45,AETN187329,Independents,10809,TRUE,1,,,,,,0,FALSE,FALSE,FALSE,Graduate,Retired or Pension,,,,State Assembly Election (AE)
Tamil_Nadu,11,26,2016,5,4,0,15,R JEYASEELAN,M,IND,147,58,GEN,175522,300891,VELACHERY,GEN,CHENNAI,CHENNAI CITY REGION,25,58.33,0.08,yes,53,0.03,3.45,AETN187330,Independents,10809,TRUE,1,,,,,,0,FALSE,FALSE,FALSE,Post Graduate,Business,,,,State Assembly Election (AE)
Tamil_Nadu,11,26,2016,5,4,0,16,A CHANDERAN,M,MMKA,94,57,GEN,175522,300891,VELACHERY,GEN,CHENNAI,CHENNAI CITY REGION,25,58.33,0.05,yes,4,0,3.45,AETN187331,Local Party,11624,TRUE,1,,,,,,0,FALSE,FALSE,FALSE,Others,Business,Real Estate or Builder or Developer or Construction,Politics,,State Assembly Election (AE)
Tamil_Nadu,11,26,2016,5,4,0,17,S JEYARAJ,M,IND,90,41,GEN,175522,300891,VELACHERY,GEN,CHENNAI,CHENNAI CITY REGION,25,58.33,0.05,yes,6,0,3.45,AETN187332,Independents,10809,TRUE,1,,,,,,0,FALSE,FALSE,FALSE,Post Graduate,Business,Real Estate or Builder or Developer or Construction,,,State Assembly Election (AE)
Tamil_Nadu,11,26,2016,5,4,0,18,K ESWARAN,M,IND,84,37,SC,175522,300891,VELACHERY,GEN,CHENNAI,CHENNAI CITY REGION,25,58.33,0.05,yes,1,0,3.45,AETN187333,Independents,10809,TRUE,1,,,,,,0,FALSE,FALSE,FALSE,10th Pass,Labourer or Daily Wage,,,,State Assembly Election (AE)
Tamil_Nadu,11,26,2016,5,4,0,19,R SAMINATHAN,M,IND,83,38,GEN,175522,300891,VELACHERY,GEN,CHENNAI,CHENNAI CITY REGION,25,58.33,0.05,yes,16,0.01,3.45,AETN187334,Independents,10809,TRUE,1,,,,,,0,FALSE,FALSE,FALSE,Illiterate,Business,,,,State Assembly Election (AE)
Tamil_Nadu,11,26,2016,5,4,0,20,PONNUDURAI ATDITHAN,M,IND,67,55,GEN,175522,300891,VELACHERY,GEN,CHENNAI,CHENNAI CITY REGION,25,58.33,0.04,yes,10,0.01,3.45,AETN187335,Independents,10809,TRUE,1,,,,,,0,FALSE,FALSE,FALSE,,,,,,State Assembly Election (AE)
Tamil_Nadu,11,26,2016,5,4,0,21,B PIRABU,M,IND,57,28,GEN,175522,300891,VELACHERY,GEN,CHENNAI,CHENNAI CITY REGION,25,58.33,0.03,yes,4,0,3.45,AETN187336,Independents,10809,TRUE,1,,,,,,0,FALSE,FALSE,FALSE,Graduate,Business,Real Estate or Builder or Developer or Construction,,,State Assembly Election (AE)
Tamil_Nadu,11,26,2016,5,4,0,22,M SURESH KUMAR,M,IND,53,39,GEN,175522,300891,VELACHERY,GEN,CHENNAI,CHENNAI CITY REGION,25,58.33,0.03,yes,5,0,3.45,AETN187337,Independents,10809,TRUE,1,,,,,,0,FALSE,FALSE,FALSE,12th Pass,Business,,,,State Assembly Election (AE)
Tamil_Nadu,11,26,2016,5,4,0,23,P ELUMALAI,M,IND,48,46,GEN,175522,300891,VELACHERY,GEN,CHENNAI,CHENNAI CITY REGION,25,58.33,0.03,yes,1,0,3.45,AETN187338,Independents,10809,TRUE,1,,,,,,0,FALSE,FALSE,FALSE,Graduate,Labourer or Daily Wage,Mechanic,,,State Assembly Election (AE)
Tamil_Nadu,11,26,2016,5,4,0,24,M SHANTHA KUMAR,M,IND,47,38,GEN,175522,300891,VELACHERY,GEN,CHENNAI,CHENNAI CITY REGION,25,58.33,0.03,yes,3,0,3.45,AETN187339,Independents,10809,TRUE,1,,,,,,0,FALSE,FALSE,FALSE,5th Pass,Small Business or Self-employed,,,,State Assembly Election (AE)
Tamil_Nadu,11,26,2016,5,4,0,25,R GUNASEKERAN,M,IND,44,40,SC,175522,300891,VELACHERY,GEN,CHENNAI,CHENNAI CITY REGION,25,58.33,0.03,yes,9,0.01,3.45,AETN272375,Independents,10809,TRUE,1,,,,,,0,FALSE,FALSE,FALSE,8th Pass,Labourer or Daily Wage,Taxi Driver,,,State Assembly Election (AE)
Tamil_Nadu,11,26,2016,5,4,0,26,R KUMAR,M,IND,35,39,GEN,175522,300891,VELACHERY,GEN,CHENNAI,CHENNAI CITY REGION,25,58.33,0.02,yes,0,0,3.45,AETN187341,Independents,10809,TRUE,1,,,,,,0,FALSE,FALSE,FALSE,Graduate,Business,Real Estate or Builder or Developer or Construction,,,State Assembly Election (AE)
Tamil_Nadu,11,27,2016,5,4,0,1,ARAVIND RAMESH S,M,DMK,147014,48,GEN,345697,602472,SHOZHINGANALLUR,GEN,KANCHIPURAM,CHENNAI CITY REGION,15,57.38,42.53,no,14913,4.31,3.03,AETN187342,State-based Party,10192,TRUE,1,,,,,,1,FALSE,FALSE,FALSE,8th Pass,Small Business or Self-employed,Self-employed,,,State Assembly Election (AE)
Tamil_Nadu,11,27,2016,5,4,0,2,SUNDARAM N,M,ADMK,132101,60,GEN,345697,602472,SHOZHINGANALLUR,GEN,KANCHIPURAM,CHENNAI CITY REGION,15,57.38,38.21,no,116506,33.7,3.03,AETN187343,State-based Party,930,TRUE,1,,,,,,0,FALSE,FALSE,FALSE,,,,,,State Assembly Election (AE)
Tamil_Nadu,11,27,2016,5,4,0,3,RAMKUMAR.K,M,PMK,15595,43,GEN,345697,602472,SHOZHINGANALLUR,GEN,KANCHIPURAM,CHENNAI CITY REGION,15,57.38,4.51,yes,466,0.13,3.03,AETN187344,State-based Party,11891,TRUE,1,,,,,,0,FALSE,FALSE,FALSE,,Other,,,,State Assembly Election (AE)
Tamil_Nadu,11,27,2016,5,4,0,4,PANEER DOSS R,M,VCK,15129,47,SC,345697,602472,SHOZHINGANALLUR,GEN,KANCHIPURAM,CHENNAI CITY REGION,15,57.38,4.38,yes,214,0.06,3.03,AETN187345,Local Party,8488,TRUE,1,,,,,,0,FALSE,FALSE,FALSE,10th Pass,Other,,,,State Assembly Election (AE)
Tamil_Nadu,11,27,2016,5,4,0,5,UJAGAR SINGH,M,BJP,14915,66,GEN,345697,602472,SHOZHINGANALLUR,GEN,KANCHIPURAM,CHENNAI CITY REGION,15,57.38,4.31,yes,4073,1.18,3.03,AETN187346,National Party,1605,TRUE,1,,,,,,0,FALSE,FALSE,FALSE,Post Graduate,Retired or Pension,Retired or Pension,,,State Assembly Election (AE)
Tamil_Nadu,11,27,2016,5,4,0,6,RAJAN.S,M,NTK,10842,28,GEN,345697,602472,SHOZHINGANALLUR,GEN,KANCHIPURAM,CHENNAI CITY REGION,15,57.38,3.14,yes,3510,1.02,3.03,AETN187347,,5533,TRUE,1,,,,,,0,FALSE,FALSE,FALSE,Graduate Professional,Other,,,,State Assembly Election (AE)
Tamil_Nadu,11,27,2016,5,4,0,7,None of the Above,,NOTA,7332,,,345697,602472,SHOZHINGANALLUR,GEN,KANCHIPURAM,CHENNAI CITY REGION,15,57.38,2.12,,6529,1.89,3.03,,NOTA,5897,TRUE,,,,,,,,,,,,,,,,State Assembly Election (AE)
Tamil_Nadu,11,27,2016,5,4,0,8,ARUN KUMAR S,M,FIP,803,31,GEN,345697,602472,SHOZHINGANALLUR,GEN,KANCHIPURAM,CHENNAI CITY REGION,15,57.38,0.23,yes,158,0.05,3.03,AETN187348,Local Party,8316,TRUE,1,,,,,,0,FALSE,FALSE,FALSE,,,,,,State Assembly Election (AE)
Tamil_Nadu,11,27,2016,5,4,0,9,PERAMAIYAN.G,M,BSP,645,30,SC,345697,602472,SHOZHINGANALLUR,GEN,KANCHIPURAM,CHENNAI CITY REGION,15,57.38,0.19,yes,398,0.12,3.03,AETN187349,State-based Party (Other State),16651,TRUE,1,,,,,,0,FALSE,FALSE,FALSE,Graduate Professional,Liberal Profession or Professional,Lawyer,,,State Assembly Election (AE)
Tamil_Nadu,11,27,2016,5,4,0,10,SUNDARAM M,M,IND,247,64,GEN,345697,602472,SHOZHINGANALLUR,GEN,KANCHIPURAM,CHENNAI CITY REGION,15,57.38,0.07,yes,21,0.01,3.03,AETN187350,Independents,10809,TRUE,1,,,,,,0,FALSE,FALSE,FALSE,,,,,,State Assembly Election (AE)
Tamil_Nadu,11,27,2016,5,4,0,11,SANKAR.J,M,IND,226,32,GEN,345697,602472,SHOZHINGANALLUR,GEN,KANCHIPURAM,CHENNAI CITY REGION,15,57.38,0.07,yes,20,0.01,3.03,AETN187351,Independents,10809,TRUE,1,,,,,,0,FALSE,FALSE,FALSE,Post Graduate,Salaried Work or Employed,,,,State Assembly Election (AE)
Tamil_Nadu,11,27,2016,5,4,0,12,RAMESH.J,M,IND,206,48,GEN,345697,602472,SHOZHINGANALLUR,GEN,KANCHIPURAM,CHENNAI CITY REGION,15,57.38,0.06,yes,28,0.01,3.03,AETN187352,Independents,10809,TRUE,1,,,,,,0,FALSE,FALSE,FALSE,,,,,,State Assembly Election (AE)
Tamil_Nadu,11,27,2016,5,4,0,13,MANIDASAN.S,M,VTK,178,56,GEN,345697,602472,SHOZHINGANALLUR,GEN,KANCHIPURAM,CHENNAI CITY REGION,15,57.38,0.05,yes,12,0,3.03,AETN187353,Local Party,8467,TRUE,1,,,,,,0,FALSE,FALSE,FALSE,,,,,,State Assembly Election (AE)
Tamil_Nadu,11,27,2016,5,4,0,14,KALANITHI.D,M,IND,166,36,SC,345697,602472,SHOZHINGANALLUR,GEN,KANCHIPURAM,CHENNAI CITY REGION,15,57.38,0.05,yes,12,0,3.03,AETN187354,Independents,10809,TRUE,1,,,,,,0,FALSE,FALSE,FALSE,,,,,,State Assembly Election (AE)
Tamil_Nadu,11,27,2016,5,4,0,15,KUMAR PONUSAMY.M,M,IND,154,40,GEN,345697,602472,SHOZHINGANALLUR,GEN,KANCHIPURAM,CHENNAI CITY REGION,15,57.38,0.04,yes,10,0,3.03,AETN187355,Independents,10809,TRUE,1,,,,,,0,FALSE,FALSE,FALSE,,,,,,State Assembly Election (AE)
Tamil_Nadu,11,27,2016,5,4,0,16,SRINIVASAN.G,M,IND,144,36,GEN,345697,602472,SHOZHINGANALLUR,GEN,KANCHIPURAM,CHENNAI CITY REGION,15,57.38,0.04,yes,0,0,3.03,AETN187356,Independents,10809,TRUE,1,,,,,,0,FALSE,FALSE,FALSE,,,,,,State Assembly Election (AE)
Tamil_Nadu,11,29,2016,5,4,0,1,PALANI.K,M,ADMK,101001,54,SC,236142,306296,SRIPERUMBUDUR,SC,KANCHIPURAM,CHENNAI CITY REGION,15,77.1,42.77,no,10716,4.54,2.94,AETN187370,State-based Party,930,TRUE,1,,,,,,1,FALSE,FALSE,FALSE,,,,,,State Assembly Election (AE)
Tamil_Nadu,11,29,2016,5,4,0,2,SELVAPERUNTHAGAI.K,M,INC,90285,56,SC,236142,306296,SRIPERUMBUDUR,SC,KANCHIPURAM,CHENNAI CITY REGION,15,77.1,38.23,no,72100,30.53,2.94,AETN191390,National Party,3482,TRUE,2,INC,3482,CHENGAM,FALSE,TRUE,0,FALSE,FALSE,TRUE,Graduate Professional,Social Work,,,,State Assembly Election (AE)
Tamil_Nadu,11,29,2016,5,4,0,3,MUTHURAMAN.C,M,PMK,18185,37,SC,236142,306296,SRIPERUMBUDUR,SC,KANCHIPURAM,CHENNAI CITY REGION,15,77.1,7.7,yes,4506,1.91,2.94,AETN187372,State-based Party,11891,TRUE,1,,,,,,0,FALSE,FALSE,FALSE,12th Pass,Business,,,,State Assembly Election (AE)
Tamil_Nadu,11,29,2016,5,4,0,4,VEERAKUMAR.M,M,VCK,13679,43,SC,236142,306296,SRIPERUMBUDUR,SC,KANCHIPURAM,CHENNAI CITY REGION,15,77.1,5.79,yes,9740,4.12,2.94,AETN187373,Local Party,8488,TRUE,1,,,,,,0,FALSE,FALSE,FALSE,10th Pass,Other,,,,State Assembly Election (AE)
Tamil_Nadu,11,29,2016,5,4,0,5,MANOHARAN.M,M,BJP,3939,53,SC,236142,306296,SRIPERUMBUDUR,SC,KANCHIPURAM,CHENNAI CITY REGION,15,77.1,1.67,yes,498,0.21,2.94,AETN187374,National Party,1605,TRUE,1,,,,,,0,FALSE,FALSE,FALSE,,,,,,State Assembly Election (AE)
Tamil_Nadu,11,29,2016,5,4,0,6,SIVARANJINI.B,F,NTK,3441,27,SC,236142,306296,SRIPERUMBUDUR,SC,KANCHIPURAM,CHENNAI CITY REGION,15,77.1,1.46,yes,485,0.21,2.94,AETN187375,,5533,TRUE,1,,,,,,0,FALSE,FALSE,FALSE,10th Pass,Agriculture,,,,State Assembly Election (AE)
Tamil_Nadu,11,29,2016,5,4,0,7,None of the Above,,NOTA,2956,,,236142,306296,SRIPERUMBUDUR,SC,KANCHIPURAM,CHENNAI CITY REGION,15,77.1,1.25,,2094,0.89,2.94,,NOTA,5897,TRUE,,,,,,,,,,,,,,,,State Assembly Election (AE)
Tamil_Nadu,11,29,2016,5,4,0,8,CHANDRAN.N,M,BSP,862,31,SC,236142,306296,SRIPERUMBUDUR,SC,KANCHIPURAM,CHENNAI CITY REGION,15,77.1,0.37,yes,474,0.2,2.94,AETN187376,State-based Party (Other State),16651,TRUE,1,,,,,,0,FALSE,FALSE,FALSE,Graduate,Business,Private Company,,,State Assembly Election (AE)
Tamil_Nadu,11,29,2016,5,4,0,9,PRAKASH.R,M,IND,388,26,SC,236142,306296,SRIPERUMBUDUR,SC,KANCHIPURAM,CHENNAI CITY REGION,15,77.1,0.16,yes,7,0,2.94,AETN187377,Independents,10809,TRUE,1,,,,,,0,FALSE,FALSE,FALSE,,,,,,State Assembly Election (AE)
Tamil_Nadu,11,29,2016,5,4,0,10,PALANI.M,M,IND,381,65,SC,236142,306296,SRIPERUMBUDUR,SC,KANCHIPURAM,CHENNAI CITY REGION,15,77.1,0.16,yes,37,0.02,2.94,AETN187378,Independents,10809,TRUE,1,,,,,,0,FALSE,FALSE,FALSE,,,,,,State Assembly Election (AE)
Tamil_Nadu,11,29,2016,5,4,0,11,RAJESH.V,M,CPI(ML)(L),344,29,SC,236142,306296,SRIPERUMBUDUR,SC,KANCHIPURAM,CHENNAI CITY REGION,15,77.1,0.15,yes,161,0.07,2.94,AETN187379,Local Party,2472,TRUE,1,,,,,,0,FALSE,FALSE,FALSE,10th Pass,Business,,,,State Assembly Election (AE)
Tamil_Nadu,11,29,2016,5,4,0,12,PALANI.C,M,IND,183,39,SC,236142,306296,SRIPERUMBUDUR,SC,KANCHIPURAM,CHENNAI CITY REGION,15,77.1,0.08,yes,45,0.02,2.94,AETN270869,Independents,10809,TRUE,1,,,,,,0,FALSE,FALSE,FALSE,,,,,,State Assembly Election (AE)
Tamil_Nadu,11,29,2016,5,4,0,13,RAVI.M,M,LJP,138,35,SC,236142,306296,SRIPERUMBUDUR,SC,KANCHIPURAM,CHENNAI CITY REGION,15,77.1,0.06,yes,14,0.01,2.94,AETN187381,State-based Party (Other State),5029,TRUE,1,,,,,,0,FALSE,FALSE,FALSE,Post Graduate,Business,Real Estate or Builder or Developer or Construction,,,State Assembly Election (AE)
Tamil_Nadu,11,29,2016,5,4,0,14,NIRMAL.E,M,IND,124,30,SC,236142,306296,SRIPERUMBUDUR,SC,KANCHIPURAM,CHENNAI CITY REGION,15,77.1,0.05,yes,3,0,2.94,AETN187382,Independents,10809,TRUE,1,,,,,,0,FALSE,FALSE,FALSE,,,,,,State Assembly Election (AE)
Tamil_Nadu,11,29,2016,5,4,0,15,DILLI.A,M,IND,121,31,SC,236142,306296,SRIPERUMBUDUR,SC,KANCHIPURAM,CHENNAI CITY REGION,15,77.1,0.05,yes,6,0,2.94,AETN187383,Independents,10809,TRUE,1,,,,,,0,FALSE,FALSE,FALSE,,,,,,State Assembly Election (AE)
Tamil_Nadu,11,29,2016,5,4,0,16,SELVAM.S,M,IND,115,41,SC,236142,306296,SRIPERUMBUDUR,SC,KANCHIPURAM,CHENNAI CITY REGION,15,77.1,0.05,yes,0,0,2.94,AETN187384,Independents,10809,TRUE,1,,,,,,0,FALSE,FALSE,FALSE,,,,,,State Assembly Election (AE)
Tamil_Nadu,11,30,2016,5,4,0,1,KARUNANITHI I,M,DMK,112891,57,GEN,251204,406839,PALLAVARAM,GEN,KANCHIPURAM,CHENNAI CITY REGION,15,61.75,44.94,no,22165,8.82,3.03,AETN187385,State-based Party,10192,TRUE,1,,,,,,1,FALSE,FALSE,FALSE,10th Pass,Social Work,,,,State Assembly Election (AE)
Tamil_Nadu,11,30,2016,5,4,0,2,SARASWATHI C.R,F,ADMK,90726,52,GEN,251204,406839,PALLAVARAM,GEN,KANCHIPURAM,CHENNAI CITY REGION,15,61.75,36.12,no,76643,30.51,3.03,AETN187386,State-based Party,930,TRUE,1,,,,,,0,FALSE,FALSE,FALSE,,,,,,State Assembly Election (AE)
Tamil_Nadu,11,30,2016,5,4,0,3,VEERALAKSHMI C,F,MDMK,14083,29,GEN,251204,406839,PALLAVARAM,GEN,KANCHIPURAM,CHENNAI CITY REGION,15,61.75,5.61,yes,2302,0.92,3.03,AETN187387,State-based Party,11601,TRUE,1,,,,,,0,FALSE,FALSE,FALSE,Graduate,Other,,,,State Assembly Election (AE)
Tamil_Nadu,11,30,2016,5,4,0,4,DR.GOPI AYYASWAMY,M,BJP,11781,41,GEN,251204,406839,PALLAVARAM,GEN,KANCHIPURAM,CHENNAI CITY REGION,15,61.75,4.69,yes,2442,0.97,3.03,AETN187388,National Party,1605,TRUE,1,,,,,,0,FALSE,FALSE,FALSE,Post Graduate,Liberal Profession or Professional,Doctor,,,State Assembly Election (AE)
Tamil_Nadu,11,30,2016,5,4,0,5,VENKATESAN R,M,PMK,9339,48,GEN,251204,406839,PALLAVARAM,GEN,KANCHIPURAM,CHENNAI CITY REGION,15,61.75,3.72,yes,3516,1.4,3.03,AETN187389,State-based Party,11891,TRUE,1,,,,,,0,FALSE,FALSE,FALSE,12th Pass,Business,Real Estate or Builder or Developer or Construction,,,State Assembly Election (AE)
Tamil_Nadu,11,30,2016,5,4,0,6,None of the Above,,NOTA,5823,,,251204,406839,PALLAVARAM,GEN,KANCHIPURAM,CHENNAI CITY REGION,15,61.75,2.32,,1335,0.53,3.03,,NOTA,5897,TRUE,,,,,,,,,,,,,,,,State Assembly Election (AE)
Tamil_Nadu,11,30,2016,5,4,0,7,SRINIVASA KUMAR P,M,NTK,4488,44,GEN,251204,406839,PALLAVARAM,GEN,KANCHIPURAM,CHENNAI CITY REGION,15,61.75,1.79,yes,3896,1.55,3.03,AETN187390,,5533,TRUE,1,,,,,,0,FALSE,FALSE,FALSE,,,,,,State Assembly Election (AE)
Tamil_Nadu,11,30,2016,5,4,0,8,JOHN RAJARATHANAM J,M,BSP,592,54,GEN,251204,406839,PALLAVARAM,GEN,KANCHIPURAM,CHENNAI CITY REGION,15,61.75,0.24,yes,302,0.12,3.03,AETN187391,State-based Party (Other State),16651,TRUE,1,,,,,,0,FALSE,FALSE,FALSE,,,,,,State Assembly Election (AE)
Tamil_Nadu,11,30,2016,5,4,0,9,MAHARAJAN G,M,IND,290,33,GEN,251204,406839,PALLAVARAM,GEN,KANCHIPURAM,CHENNAI CITY REGION,15,61.75,0.12,yes,8,0,3.03,AETN187392,Independents,10809,TRUE,1,,,,,,0,FALSE,FALSE,FALSE,Post Graduate,Liberal Profession or Professional,Consultant,,,State Assembly Election (AE)
Tamil_Nadu,11,30,2016,5,4,0,10,KAVIGNAN PYTHIUM,M,IND,282,79,GEN,251204,406839,PALLAVARAM,GEN,KANCHIPURAM,CHENNAI CITY REGION,15,61.75,0.11,yes,48,0.02,3.03,AETN187393,Independents,10809,TRUE,1,,,,,,0,FALSE,FALSE,FALSE,,,,,,State Assembly Election (AE)
Tamil_Nadu,11,30,2016,5,4,0,11,CHITTIBABU S,M,THP,234,43,GEN,251204,406839,PALLAVARAM,GEN,KANCHIPURAM,CHENNAI CITY REGION,15,61.75,0.09,yes,40,0.02,3.03,AETN272458,Local Party,8330,TRUE,1,,,,,,0,FALSE,FALSE,FALSE,,,,,,State Assembly Election (AE)
Tamil_Nadu,11,30,2016,5,4,0,12,BACKIYARAJ M,M,SHS,194,34,SC,251204,406839,PALLAVARAM,GEN,KANCHIPURAM,CHENNAI CITY REGION,15,61.75,0.08,yes,53,0.02,3.03,AETN187395,State-based Party (Other State),18691,TRUE,1,,,,,,0,FALSE,FALSE,FALSE,,,,,,State Assembly Election (AE)
Tamil_Nadu,11,30,2016,5,4,0,13,RUKMANGATHAN R,M,IND,141,62,GEN,251204,406839,PALLAVARAM,GEN,KANCHIPURAM,CHENNAI CITY REGION,15,61.75,0.06,yes,3,0,3.03,AETN191044,Independents,10809,TRUE,2,IND,10809,PALLAVARAM,TRUE,TRUE,0,FALSE,FALSE,TRUE,,,,,,State Assembly Election (AE)
Tamil_Nadu,11,30,2016,5,4,0,14,KARUPPUSAMY P,M,KMDK,138,34,GEN,251204,406839,PALLAVARAM,GEN,KANCHIPURAM,CHENNAI CITY REGION,15,61.75,0.05,yes,29,0.01,3.03,AETN187397,Local Party,4877,TRUE,1,,,,,,0,FALSE,FALSE,FALSE,10th Pass,Business,,,,State Assembly Election (AE)
Tamil_Nadu,11,30,2016,5,4,0,15,DR. AYODHIL,M,IND,109,51,GEN,251204,406839,PALLAVARAM,GEN,KANCHIPURAM,CHENNAI CITY REGION,15,61.75,0.04,yes,16,0.01,3.03,AETN187398,Independents,10809,TRUE,1,,,,,,0,FALSE,FALSE,FALSE,,,,,,State Assembly Election (AE)
Tamil_Nadu,11,30,2016,5,4,0,16,ANANTHARAMAN R.K,M,IND,93,37,GEN,251204,406839,PALLAVARAM,GEN,KANCHIPURAM,CHENNAI CITY REGION,15,61.75,0.04,yes,0,0,3.03,GETN270002,Independents,10809,TRUE,1,,,,,,0,FALSE,FALSE,FALSE,,,,,,State Assembly Election (AE)
